address,value,is_contract
0x6bA9c7d86eBD6A20817d482C42C9dE2806EeFB7e,188930308572,false
0xc25404122C1776689A6fD620d0F816Cb9e36e5dD,123652177541,false
0x3Ef3D8bA38EBe18DB133cEc108f4D14CE00Dd9Ae,116669779538,true
0xa7CBb758849979CEc43FD146fe01EB2BF560202C,113755422777,false
0x311853eB5310a4f61215Ba48A520f95BB35348c8,103510004862,false
0x3A54dF4CC72a4ca65E1a53E28E9912535Ff07641,98490280072,false
0x8e87Caf1FC5a0d4aebe0E0c976b24a3A9e3672C4,85854581744,false
0x1F0D16F1c44Fa04511AD58360782B1a67e1F5DC0,70570039098,false
0x8fb2FB82fF44da85E43d0A71CA992DbBC3243c5a,68856776560,false
0x6F0f01aa6101eD4577760EdD2405A4455A60A304,68049897849,false
0xe2666904EFd7988f7a5AC5DA4b4F4215a6Bc045e,64982702185,false
0x78034551d19Bfdc5567041028Cb2D2e400059d3E,51785555395,false
0x43e1CCFE765f6C2a09bbe63D456BCB1e85835fe5,46462387052,false
0x378119CEF4818B29B447aE008a5523Ba037317Cd,43231033155,false
0xD2A3Afc44b635fdF50d3c4eb89B0c3109CFD5FAc,41305922315,false
0x54ed41C1EcAB64881F2A29083e8dAf8302c5A120,35666505400,false
0x9D0214C3dB28875fe2b9eb9cD9d4F71E7817890A,34946808578,false
0xE1f8aFc92644Bfe77080D7DCb0f936F578E00F53,34176794750,false
0xED3981C6220dFcd368268b180b87AB643ce04b75,32489235959,false
0xb8DAB6C5dFdd33Ed14a48E5941A1e8509b856aE3,32333812618,false
0x972b0F9cDE1266e860E546ac92E783741769400F,31704674824,false
0x4919d1492B540288634E817B6454449Fb9605b60,31131350237,false
0xC9616AE1014228AB036d49BC36Ef9D078343Fd30,29926328125,false
0xfa8E54aD80D5A0C25d225c04e44fb993Ad88e487,28311553138,false
0xA6548c1F8D3F3c97f75deE8D030B942b6c88B6ce,27813863340,false
0x156a958A4b2E089D26BD5bD245C7A48985566ddd,27630838006,false
0x11882CA26d94275436A3Da07250eB0F0D6e9e52d,25969246486,false
0x73860DC8055a36199fa017e4D9b6584E1497DF85,25824225181,false
0xF4DC338B1b1184F84a461f0bb2f974fC90A81456,25673837808,false
0x2107dC09Fd3C7127749C1A47C84E4A33D6e72F1A,25280337965,false
0x2B38f0De645E05Ec410AE86Ef479a1e42E45Bd12,25269925390,false
0xcCb8E090Fe070945cC0131a075B6e1EA8F208812,24912740338,false
0xAE0f77C239f72da36d4dA20a4bBdaAe4Ca48e03F,22288628271,false
0x8A86690902182d4f742bA81a988EC27FEaB16269,21498953207,false
0x85ca0Dff027102ea3FBF1c077524eab21D1F7927,21017958437,false
0x611Df39bcac12274Aacba396E4D83CD05a7e107F,20047004298,false
0x490559b029C6ecAa2070d60f3820BcDF6bb491D9,19772959437,false
0x9C5711dCbca8ab857E9Fdb609BB38f46B8b2E8FF,19153437801,false
0xced306BfCB4a057aE3905063fD601774F9F18730,18642733959,false
0x50FFD61edfA097407143cC64f7156f715D0e0239,18335317127,false
0x6d176c1376B610aC5C74aA92117aB8C01b64f620,16703198156,false
0x703EE58AC2bbC219De04014F3210202C5d82070A,16607527582,false
0xE43c0F5a3d26B035a3b93C24bE7536B2623DE8Af,16102902583,false
0x4d2F4186Fc6F6eF8814d0E2d07eB1aF5d0bEF0F4,15654194200,false
0x372C50019FB522A96b24437dc8D981613c5e15ea,15347393934,false
0xb3d1aCA9bF004d0da560930Cf9277c604eDf2283,14358347960,false
0xB70D6076ee01Be23C93aadF00754864c82cc44A8,13933754302,false
0x9015CFd723c5af5eDdFE8c8bcf7d64CBbD8E3aBa,13739592033,false
0xB725e133780AA831d50DFD906499f9041c93C543,13059007947,false
0x33fB9032a46393eFbC22b4B43dd736f9BC20774a,12579387785,false
0x584708bf806e2772A801683150D73fa9FA199C3F,11898485056,false
0x992965332Cd30b954A73dF26B667E520cf3F9Cec,11381697792,false
0xF0c09d91aA30E491e1A3A20C6FD35838257E2648,10641704761,false
0xADeED59F446cb0a141837e8f7c22710d759Cba65,9801350975,false
0x42CFe2b6C77098cF86149Ef7ADFa2F06A395D175,9584067112,false
0x89b5322E2Fcee4FAad79B29C920d1cF846933C89,9290140946,false
0x8AB117Ae3AF056395DC23cD79bA07bdA3A95D9F3,9101425237,false
0x11fC7853944570C1F9D9EBE7Ac24e2FeFddf0314,9057705049,false
0xab025D1Cb886D8464f6aECfC7144C6c4D07aa6D8,9004912015,false
0x8a6b6921c50D87A5EA828d1CFDf387Dff1eef5db,8925552034,false
0x9D5132Dd45CdaCd1De3a7b7f1f13da7F025fF726,8665712958,false
0x1e6245C32827Db3BFdb9182FFE4Dd36E31739871,8335388054,false
0x0E42a09F7A8faE1211A26b78E8A1937fC8aD79FE,8273767917,false
0xD5c2d0F5314131025302A18A63EE05248B0950BA,7909893858,false
0x79bc970B69CC8fb31406C409692eD19612E39731,7623117998,false
0x0C1856Cb7444cc8596c706185b54535F45C2623B,7542219695,false
0x5c47F9556FB60C2a7A28533EcCE4Bc7fB0C1ad40,7205624581,false
0x5d8809340760b1bB54642BE91Bb5A2871C0d7a10,7108481271,false
0x8222B6416C4604813359E4257CbA4eb660A47F41,7091672288,false
0x5bF35B1AFCb8c7a2d01AB924c709206196C8ad3C,6793034589,false
0xC77718b75Ba9662Bdc27E5Ec95C99d60aafEDD89,6690409552,false
0x64a997Ace7586e6700516a08954a39b8e355B62B,6620351782,false
0xd7944452C21eC02AB3E78b7593Fe7b05018E3A5a,6491439908,false
0xD22ADba687aAd7DD9CEC3b18D970C581734783bA,5937805850,false
0xA84fE466486223FA9BbA2dD3ecFb5C1100311711,5887732452,false
0x51B535040CCdD5FD5CA51936335C335c69f016e0,5802731739,false
0xC20e318fe1830DE929bB8eE57F6209a89F0ab00F,5728638703,false
0xC89a761d1A596e41D8FFfe2A79cDA93CF6dCe028,5531594536,false
0x2b4cA6D55d6D7d18e321d2089E85543A1481c953,5476038000,false
0x1d098a8d7FA63a39e0884b720f86F9bA8cbbEeF1,5448695148,false
0x72Ea177FC9Ed87BdC17066256DffBbb0d65d6565,5149074635,false
0xf44d2de073528bA2231b4863bb841eeB8594C3ab,4806701026,false
0xf2edB09716CF44235c03601548F2373B0A3e4f37,4672952142,false
0x9CE6E6B60C894d1DF9BC3D9D6cC969b79FB176B7,4569755980,false
0xAFAbcc73be8C1678B4C0eaB18C73cdbf83134781,4419047754,false
0xF5B905Bd11A7a42b5f2Fdf334Ac8377390BC7268,4404558339,false
0x328c9417A862dF04255C9744Af4D59E326063DDE,4396241811,false
0xd5B54608F7DD5c1e5ca5e416E9D365E15b5221E0,4390717107,false
0xd23d8aeaD200401091022e5c4304b32b56042808,4384577595,false
0xA9475Bb40a256E0636B5b5aB3d4E0163C2A5D5fA,4370504581,false
0xc35bD2A5AA0c09516e8defA771ef304aDbf6BEcf,4200998167,false
0xc467d8Da063F0C55248344F8DB227bCd71Af21A6,4174664344,false
0xdf1b8C988a60aB180cbb35D102C2824215310796,4007152409,false
0x3d72971b117EE8EF445D138557151f66CB0D408F,3844222294,false
0x5c9C6a11094835f47Be940Faad702985489e4De8,3693987866,false
0xA9f7b86FCC86EA1b913dDcaB8c9514a8e677666E,3585425750,false
0x3476B93ca9f6aA6538844C3099798F0d07BBC834,3520411777,false
0x7447A96d0b37C20f5d04A33c5a94035c4a3997ba,3330986110,false
0x02689A71733DaEA3E62e62308F5f8FDF8Fa59341,3255379677,false
0xDFF503F1F9CB7F7Ea03231205a3D9687A82ae7A3,2983917785,false
0xB438Dbaae78225eEfcDBB04E207A8eFB06036a2c,2977022152,false
0x91eD6f531d6de80c22C55D2c223BE919CfC3E08a,2969015462,false
0x03f2dc109e39C1aC6FFd15702634720FC3c4623b,2964850952,false
0xCF263cEe139763114fAaFC5F52865135412F50Ec,2873209340,false
0xC03D7825d2b3EC9D73D581802Ab49301C4EBB4D5,2780807446,false
0x08F7bbccCf57f0f73f4f091948bfB20F24de8fB8,2770991614,false
0x7f67c538f2398C1130b89E7c7327A6B13811edB3,2755373120,false
0x3daB62f33E7032bD33C532808092D033887EB456,2585700658,false
0x552c87b8ceaD714ADE34F40FD1584218e12119d3,2533834582,false
0x7F92a187d17bDaE046B1Bc6C6D9241A6B3121317,2514190402,false
0x14A7123bF8A597378B6248ce02B064dbf9a295a8,2400430809,false
0xFC9fb4C94e7d21F5789abba90973E25020f896c6,2389043547,false
0x4f2421553E571627C6801521316732693016d9cF,2374426122,false
0x8896e0833d371A358eE06EbA7D4052D3e69AA189,2364608959,false
0x3af4A49C8E2FcaF33Fd3389543B80D320FCC9091,2325630942,false
0xd8d913aA463FCAd08a66e922db515293C3563809,2311834110,false
0x3295A9B4EEfD7bB369fE4be6124D56c5FbD1CfB9,2305238299,false
0xc3D96a1EfB52F1Ed9BDea139e2D82ee29AB338f9,2270550535,false
0x544a40955bA1C7e56E161a59E1319e3313C25251,2263033303,false
0x40F832B71D2C525A9aa4b4908Ec511Ed93c8a308,2238553329,false
0x0eBa5721065f961Bced568527BFa03eA9eD61a00,2202946325,false
0x6f199F00655e0D3e9c1f2B654570758CA1e33759,2172372016,false
0xFC1F52f80b84D2dD4835f82A454aEA06DeC37864,2146111991,false
0x1994503F24AfBeA319ff876Fc12A599A61Ce0A57,2145463097,false
0x5275817b74021E97c980E95EdE6bbAc0D0d6f3a2,2125344956,false
0x13770Dd329e2087aC96647A9BC46c27DD3D20B52,2091983785,false
0xd52929B69680A6f74D2eB9c8F1ef482f37b1b32B,2076938975,false
0x8E7025083b3f69f168322E2FEb08358803C18254,2020687268,false
0x8026810290a890b91507288E4456eFf3bD215612,1984202810,false
0xE42AA7DCC9f04557B2582607CF396Bd9c3e4Bb5C,1979400071,false
0xb60231e032C5443877fd6203c77CC5A99aeEAC37,1876679131,false
0x44cDCe3E92B8405Be3973E7Bb7B58242B98A99da,1843176836,false
0x828fB86584aFA0D9C8285E608304D91F54a6BEfc,1830832579,false
0x2C5AD228Ab7745392cFA89Fe118aEb96C9bd3E1c,1792251120,false
0x90018bEbde67D249db4C364C5C07752e87038180,1749435634,true
0xB8477B1854Bd345F4A22dC6290641BaFd4718fDd,1736759082,false
0x14c19aC3c4eC0c567c10f13e124C837BE79eE118,1702496723,false
0x65cac6b246d5678aA813511D526d0843b67CDd82,1699819876,false
0x5c0642fE68fC72cF03F676b28faf5cF97CC0B265,1688290185,false
0x664324F8B7430b4C22Dc036234Dd752A4755Fda7,1512167615,false
0xb6D6dC31958dfd5A9BE9f837Fa77f0Ae03E88235,1500699973,false
0x997b96BAD648c39226281Bc002f9857274E42A01,1496877321,false
0x6d76cbD9762FC415f9d679BC557D6fFb9F46583b,1443228972,false
0x7052E7305d42F1D25e6Dd7D39af36a86b9eFA6fe,1410854730,false
0x1CbB1E8274E44287517A34De6AF3CF97dfD9E0Cb,1392098406,false
0xEbB03C0372DcA959843e5B9214351B19481776c4,1382156169,false
0xDFdf46dDeE7AAFC6d373a27bBF53Dfa6DA0558a8,1380883777,false
0x6639AedA58e5D1420Da3381f4Bfef89E3Be1C7f0,1374273464,false
0x8A4e013E3827FDf8dd8ED48eF169dF1036580adD,1363477097,false
0xC1C302d21EC3d98a294b8e1413BF704eD415A6b6,1353689860,false
0x54623bae102f660cc113c1C81fC19DdB1B4075FF,1339422167,false
0x4fFAD6ac852c0Af0AA301376F4C5Dea3a928b120,1338875111,false
0x553d963faE2068d1bCaE1CAF5704039fA57e77cE,1336385836,false
0x4fb30f8CcE1F80FC9CC45F7F626069be7549aF59,1332883071,false
0x0C3f9dbF394C33449895c9c3011A7dE087BbA603,1292804581,false
0x74769E205fCCE2577cc2F4ca67762e6595D6306C,1292188401,false
0x8ca1d8B2B87dd4dEa9Dbb6ce992eA7B625E50836,1259095227,false
0x04FcF80EC93BB60663AECFCb9895e50b61d79357,1202047592,false
0x9ed224c2440F012aC9CB1DBC211A7D4a6e1993d2,1133151430,false
0x8d39257b8adEf232583eeFEE919a80AFC0A76da0,1129105918,false
0x4Ba374a35e5965eC791D88dEFde4374F8aa457aC,1122533244,false
0xecfDA6868ec7a22284f1E437f4F01F29AB5cd372,1084269303,false
0x993894799d8Ae6ED114766a603dD9f0deE1B67A4,1080099900,false
0x8d5aB09062FA6553f655a4EcA782bb106e1de799,1067813031,false
0x489fbE5D66CBC5c2e838dbd3a3F72909B050f2A6,1058578657,false
0xB36402e87a86206D3a114a98B53f31362291fe1B,1058161032,false
0xb80Ebc2e6f0aE48D801471F563526eFa47b1E236,1029790030,false
0x991D03d62130bF2E0C1Cc44Ef358dc7A71b04bEA,1021808882,false
0x9bcf8132DEb55Ffc3478F44278671f4d1F7CC681,978435356,false
0xd1E5b4094B359233f417016bAc0e5A89786D713e,975735576,false
0x52f86e43dAbdDee24A35227598bF4569FE59034D,940138372,false
0x3C89C4dda1B985F049F92D0B91875EF12486C94E,932896224,false
0x93A7D74AEba21B20734bDE2e13c049aEA26fE13C,928850397,false
0x902cc900Bfc73B3b75bFcE557E45d75E243EFb09,917946218,false
0x2d89c55AF27cCfAed96c2b155508EFDFcB8abE7B,910923228,false
0x800DC969aC6599D503f590E5FD8c8bbBb006C705,893713838,false
0x880E4238FEf89C661Dcbbb92a406f3f1273DEE02,875760517,false
0x01F99e527454D8BC2835aA662CCf52CEa2C9Be3d,870217153,false
0xefAf28b70e2613fE87a06d8C496861E20A7287B1,851104887,false
0x8483d0CcaE4A331123006bdDEA7EaFd55dccb21f,847039119,false
0x738264D3A846D52D401DdA048228d9beE0FfDbEf,841880277,false
0x8D622746dA805a5c75d32B3413C28062636e3dE9,837928496,false
0x139B3F8938D2C57730B6D654178a7159D0dBc8E8,810721235,false
0x36e73C57Ce03Eae19b553C777D282327D4705B6f,800240450,false
0x95F556452B7aabf0BB235EC4e83645488Ea856c0,792556514,false
0x3497818F50f79A11236B941dDAd35Da68A57864E,786469657,false
0x706FC1a8e457De0cf52e7679C2922aEF7F7a397e,770810624,false
0xd7e8f61bCD02C49953e6Dc4fa15F15c70f4E429E,770119546,false
0xB3C0126C5122373EF5C7fB3019C8EF815528E55B,751891054,false
0xB35722e595F2B974c2B1D14A80Fab5d0c60c2fa3,741109151,false
0x6ad94395aFa6cFF02C5A81F23d1772b47E59f65b,736265168,false
0xD4f9FE0039Da59e6DDb21bbb6E84e0C9e83D73eD,728630266,false
0x7f848122152AaA1CfA50eB0E3f97c1aF6cb74E99,724169351,false
0x686e2d1Eb5aaB8769664d740CdfF5F6D6B6cD89C,723979419,false
0x9214835f82752E0574F3828A4400C36Ba386Df82,692835690,false
0xb95f08B2eda7B23Ce412A6dE82eA5f5100335A3A,685263754,false
0xa765A629f11f538F6d67e3fDF799BaEd1506017d,684004933,false
0x83132A7a14A8729b4Ba37766F8849F1EBbAc890a,681617578,false
0x04a4A1eD81269fA947b10F70fBC07043c86C964c,673856384,false
0xFf8B5E8E0D2242526cbf0F4B76B51690F6b70826,660753208,false
0x343f5EA4cD99f508Bc72cF17D8E1388d5d889668,660432105,false
0x14e2c3D5F36fD667C8a80C795a32eb6b70176Da3,618592023,false
0xE8CF89bC7938e0C9a474eD1055c3F2BC59C0Dba6,612770763,false
0x0D84F125fF62a3e3d96569d7E64B3a032Bfcf700,605259533,false
0x6dc02fd6dD6c23C6D6F39b84A5BCCEedA2F0F6c5,593750946,false
0x7125E33730A7A1f6333D97179730c2a052DB8b42,592662259,false
0x186b12Ceaf08FDE22E32647fcc800e45876F5Bd0,587481186,false
0xe1F0D4Cd256F8467EF6DD0a4EA2E6f2B767A1d96,586608074,false
0xBe187C30a0176AAC698cAe51c9a786c802dE8F1A,580230645,false
0x5b3513dA99C0572A510334c4256B99aC3A8eb72e,570883948,false
0x8293F97f1E57b3b145E65975696CF5C2Fab39681,554312299,false
0x7ec1D8cE05c1dB1131C4e1A54DC9b0186C939fb9,546969886,false
0x7077e395C9FA4E480366A5DC5792d2504d78dffF,541701819,false
0x46A5A2f8b3d7fC047Bf1aA12DE4393751544063E,535540180,false
0x543A0915C99aFC82137fd4c0d261F6919c9BC8C9,532880965,false
0xc2eA7b4D42e38797589370e44d4B2B975b9e34d7,529772691,false
0xe68FDC988b9beC61D1FE494973D58062e088cF36,510330384,false
0x45Da7584cE6EEfd3FfeB88be905B5D72A37a0809,503927426,false
0x5B688c6266F04648dd81A5fdE233CdB95D2FB79B,476133340,false
0xb71b50ed3cd27588888AB40062d11be71F19088e,469500647,false
0x953D1668BC03e0EE9145A7c4F79956b73db90B67,466221949,false
0xC88131292498e528DDB5d1fABAFDa62c11468C55,460033723,false
0xc5890af3FACBA05b4c6ef82B2EB274fEB3B75E8e,457463052,false
0xe76940abB006E3B6F76EeEAb7f37D23cabc4BA8c,455094243,false
0x7059b102FC3B8B0c4fc71A9175610121c9BD9b27,454935354,false
0x250d82c637dC65d495Ed67480709C46DaaB44e3F,447125600,false
0x1D5Dd760823B9285B4f9f616e8d63e2923F23061,446308979,false
0x25e6550B87Dc7B3EBDC370bf8FE4D1ba6a896C91,444203203,false
0xb69a6B4102e7D8FE5b2C65Cb17B0D74850cA22A7,431673457,false
0x2B69ebbd34226571244279e9e04c8750d1A21d84,426826785,false
0xe9D22623D59e4763927dc824b195384e46B35254,426378193,false
0x993991e2642Dfca4196Bf4Fa15D857771394bdC4,420989067,false
0x8CF877e91118Ab50Ff00dE1e6E6A566c9C2B8228,420434311,false
0xd6ffc26607A60A0c5383533fd53F7C47c26D62D4,420112575,false
0x60Ca09dc557C111E83392Fb6280B32695345737c,413536495,false
0x90037325F34C1874B140939c5D78343F4FEE4e03,402422767,true
0xF2840E6685932197F9150a3f312390aB57966F7b,400016481,false
0x8A5817d7Ecd09f44cc332efda3A3edB1c812Ec7b,394557406,false
0x439a7D97e268947D4c05A7005C4Aa80103E5B49a,390435551,false
0xD2aD588586bD07486f8694AcAa986302c25d1D6E,385590826,false
0x7E13AC7462cBC62440A91DD2654f1c2D1FC9180E,383846669,false
0xa632A61272556275482637fd6313E772073Fca96,375593482,false
0xE961066D859D4922b51269801CD26A2351c4f1E3,375165054,false
0x0654ed79ff9d16478F98bFdF3627290E9C225190,370039625,false
0x5707316ba04779fb7181707fF869CF6dc3b3AA2E,369478515,false
0x67Efd0FfD493Fa5C55f2a19033557557e3A5197C,367188165,false
0xc994d9Fa9814b3f3e90Db03393F02ffA4796fa74,367052853,false
0x504DB0A01Caf27Fa108E0245F12af3504642148d,366584899,false
0x2755F5A5cFb771880a146b262Fea7849663FC3e9,356469609,false
0xd2645f07B873553621042AA499E1DA490FBa47f4,349948417,false
0xb381B8BFb16584FB08563b3c50b599d3CF296290,331527007,false
0xBD73cF5baf12F120Ee3f6C4ad82df9a12649e578,330524952,false
0x414Ea63A51562986648A0ad5AF669D123C97eC78,322709200,false
0x3d5357Bec88398F6fe02F65350C80Bb67e0fEc1B,315778190,false
0x37fd3c367C5d03640b177FCbd7aFe18D805dD10e,308528127,false
0x46C9CCC6857E33a8209706BB5043700b4608Dda8,307146862,false
0xdea1a2ed28989DD05F3e4264d1293FF7446a0C89,303438780,true
0x3f559dCFBeb91B6309E22Ed5af116D3D075714b0,300672978,false
0x293cFCbc9aAA6aFD97C25806aE6a526D3Ce2C93a,298669866,false
0xd6Fa6b58B0745E6e3e832cCFa7812Da8EAc947C0,296451125,false
0xb5f69aF7e62774f5515185E3FA9447DBf9B65E55,289916732,false
0x131134225f1Ea10980fbA38a8C3cc3D712C59fcc,288538904,false
0x5dC8c5f0d1A674454aB581BF525f8bf7Fd0c8301,287835589,true
0x7B957b3eb64a3Fd6e4276D290f470dDCb9c1Eb7C,275728847,false
0x71EC66EE1B0aC5Ce8c71BaDBdD3118b9590243cc,273389039,false
0x0c82aDDDdB58A626dF16E0170F67F45922C7919d,272088999,false
0x9b66aEF7e83fCA201f4AB3DC39132e40AaB3083A,264345637,false
0x6f83331f1A46834D937b3Ec4e0AeEDF3D78Cc965,253635394,false
0x150a0D516C0ceFa39f980Da57d5422E91A94238b,252199702,false
0xBAcbe2fE604459D8c6dC7e009D8b07740413c87f,248981124,false
0xB40Df1Aff258C913Df665c100F287A5df5d87994,247796338,false
0x7B3a6a5999f0B10c5eE674bF69C6e917249eCD7a,245197628,false
0xbE00FA424243C56c7CF5792aFBd6b8Dc4d6CBE4E,243035221,false
0x9097b4604Da484B54243Ff4952F8FCdBbAAC9b8f,240454958,false
0xA1ebf2043e76446eFA2724bD1Ec18321776096FF,237245546,false
0xE206578976CAb033D49202E716C9d712D803164C,231717521,false
0x1D587C1DD8e744F62Ee0D8B2cb04aE4Db5F94cf2,230707102,false
0xb6c82dCC296b055cEB6DBF1440d1379Bb4Dc1131,229967042,false
0x1f7589D2d5738e976734490C2162f23E62ee4693,224054818,false
0x5BC81274740A73D33ec8539182c326b8b58004C2,218053069,false
0xde5017f32C3AB32dd0286891A11F5d5D54C13728,217039738,false
0xaebb8FDBD5E52F99630cEBB80D0a1c19892EB4C2,212082347,false
0x7a4A1984C317b08d807eD05f293E60CbdbD6ec83,210529718,false
0x868256F79bd1383d173f4344F1E3e1bA8A0b4Fa3,204793980,false
0x844D88FCe36BEdAc253333fc5f6D5DE0f92779f9,196673416,false
0x3E80b4ddA0C1c042ebE92da77511E218d207176B,196271460,false
0xABf5C1158D9291d4DC470397718B18412572b592,191784766,true
0xA1c50Be5C6B2C79Fb960933B7d2c8cB61F1b110a,188284837,false
0x428F1BD6DDea2E8c0f5658685458215609bC6cec,183660445,false
0xc2E97Ae6Ca9aAFB19CE0B8bCd1F4C50285db2377,180508953,false
0x80649C3771d0999aE97Ff2895a9fc6D4c55FB79F,179968931,false
0xE4139f5eA6e995f4518232Acb1293Bd879a1d177,168680021,false
0x93e3A2a50e7A6091B877Fc939e0a3f43954811d8,168125512,false
0xd6A2A89aFF9C19f26724e4bA7934B6aCcdA79a81,162708452,false
0x3c5823B48b2349229e334cC47103d7b57C11202A,161064323,false
0xbAd1fd6d7CB2Cfef345fF98Ae3B289b15eDEc77B,159590831,false
0x6c98064CD84c09C827Fb76E772Dbb805F54AA564,157247931,false
0xC367BA52bd28b07B3B29BFD6BDf707C33c2B9441,157195212,false
0x431A364c29DA613138B1a38149B870B332E3752A,155531255,false
0xd9aeb979cbe3a85F2d6fca3723f846Af8CA56E05,155182660,false
0xfA4b5Bc0457cD59Fb2EB8755FC3f8c1e74619759,154211722,false
0x78b68E7682629503DA32fF208bd3657D631c9b9d,151160019,false
0xE825784C2161F52a8d4101eFaCdBBb5923EE72aa,150771527,false
0x4d8E737Cd7106aB109202bB17218b17b399fb9E1,148693817,false
0x39238A7cAA46a3aa50e3D9fB356848a9018E5482,148118623,false
0x07ABc6225724a3f29e09173f585AacDE7A701dB3,145909259,false
0x37D407522bFcF3FFC9a79974019b9b176A269D72,143712060,false
0x6EA314366871459Dbc3e1A2Eb422e23B538c7ADC,139699617,false
0x1Cc584483730e47705E171B9a9d00A2D63B364bc,139647747,false
0x0FD994f6e14Ef273e94A1B2e9b2957dff754D756,139233284,false
0x53856c7e3D31416366D30D65e80640590fd789C6,138704405,false
0xEf80c44d996EbAC95aA62589986fb3FCDFE3f7d9,135090386,false
0xa7d6C4F24503024285fF49773a2ebfEd69B9C400,134794293,false
0x07bFc773FB6dbA25Ff9daEd925ceF4285A5BABf9,133886402,false
0xb1A32127d34C6b96c5af214CBEc2803Fa76B4682,133517111,false
0x9304209aB326A499B00f5a6c144f6327c722E466,132495812,false
0x7ecfcA59ED99F135Fb8a41501514f807B1f00655,130680649,false
0x02F73B8e29dD6Ec38Bc5D8B3826051DC562c3060,126191858,false
0x2e598EB2703069EbaaBEc95adCf684BC12A3EaFd,125577743,false
0x7799dCB324eaF4b1edf4948C90866Bfcc084dD68,122140445,false
0x12D0F12D98BBC9187667F7996BFDD51648Fdc360,120780088,false
0xeC4276b2Bba6C1d49dB0BDe03E6C43Cf50b44475,118095489,false
0x62c7993aFD26013562CCB6c68d82299B60F79cc9,117820960,false
0x4e90Da1dDCD5B0Fb295b6A69251b5D04D5bCCA7a,116616949,false
0x69aE784b65cE265f5e8f1d581d3DB697afFef090,115623993,false
0xC1Df1447B9Eff21fBEDcF68804097ED7ed856bE3,114708183,true
0xb957DccaA1CCFB1eB78B495B499801D591d8a403,114111275,false
0x35aDA121009D753BD44ae2DDC650ca52A0d816Ff,112280169,false
0xBD7a6fb70733dDb3a47Cf7D18B4BabDfD66A79A3,112113022,false
0xd6f7b031Ae1B9c6b91992ED05cE84b20D4212086,110942367,false
0xAF354D89fdf5dAa5Bd1104c1008e2F6D6F8e0926,106394606,false
0xa43B033B3709BA7f35D0830C1dd2D8F49a187b7D,106047667,false
0x49Db86Cd04A63649ef9F9905963BaEf7DaD0c9Bc,103756871,false
0x9D7a5d66195D1DF79880da74418a39324c1932E6,99617149,false
0x5EdF9DeC5b003AF80B65e129Ab17DBE64106a8e3,98371418,false
0xF2E62C288A8F1bc14BB1427138AeE7e2bCc897D6,97611180,false
0xbB4f3e452E2dce24fC67070f6A3dD2F212424Ea1,96640489,false
0x4A2cFAa5B24850493298DCb8969fe11FEeFfc366,95931161,false
0x5CFFC9375E49A77b906d1beEd8A5616f70ea4142,95820425,false
0xD231f09F898B89a5BA27D49C932d935421c0858C,94821540,false
0x95C0b2363662297d35041CE9F145143392dEf325,93939737,false
0xF7e4087C216fdF348468473FcA7B7c37ba0b741b,93935604,false
0xcce867E597428411e1fa743358E4B1D3CF8d4266,93313415,false
0x6Aa242233CC8AacF4C7d17fA48F06E0980bf08F6,92128757,false
0x8c88B7497cA6aDc29807e0869e16818a22584E7c,91106550,false
0xB30595936886Fa24984218c785822F1646B65673,90266828,false
0xeE820192D9BE0547A7BC55177757e8b28B95B682,88709492,false
0xfB87FC75BA262096E1A4806Bab845A2Bf0E979D4,87609674,false
0xBc817e47b66041A799fe3B9d38FA1e94DAe164c6,86536351,false
0xffBDB9604372Ba304Def3f7012E8A1C2AAbd0448,86072144,false
0x6F3ED5246948224094d209B9427328052cf63B54,84453241,false
0xdB9e4650B6d26FA20278bF5133CE4d961cbaea4C,83307726,false
0x5AfdD71EC312eDa36663f72032f269BD9C950cB4,81622491,false
0x94Eea2D58b690730cECF950270Cb1115dfC2638b,80430474,false
0xBD8D892EFA790742D81F642b2d55096387411eFe,76429597,false
0x8b529eF78046008f9d1FbC91c7407030De96EE32,75543087,false
0x2460D481101947bBD10974dEcBD0946c3998E93b,75283505,false
0x08fCA11Ff3A078499AD794B98dF34F3879fF503A,74548308,false
0xf59420Dac6d1B15D149Bb9E14558897b24730D3d,71947175,false
0xCe5f957400de4Fc23e8157C4213A76d052b452A3,71698729,false
0xefB4dDB1bF1542BcE7655967f81803a69bf3D890,70933168,false
0x4720c95Bb63671bd90B1742757A2B920C1f17458,70224096,false
0xD9f40a16e57458A487a9c59D00dE16517e25aEBe,70088159,false
0x614EE992A7Db0Dd1eEA121f32f1Cc8387DdC7Fd5,69747351,false
0xEcDD8FC7B930843E3E61418C3E7b29Ae888b99D2,66434073,false
0x3fEa8A2d3f6CdF68c4be8Fd91569e38191050De8,65603556,false
0x2a53aAbbA95cccB54b070Baf34182222903E0E37,64590067,false
0xcb20a2BfEc39b20b307aEd8Db4eDAc84124E9302,64578099,false
0x1816099d6Ba62D06F54fC23A5716F4F0293f68F5,64518609,false
0xaB14C744e5316475dd2384E6Bb95F9eCF4480bD5,64290200,false
0x6066cB2b2ddBE334752D130b7e488cB2adA4B720,61647515,false
0x7c62Aea69440c60a0B2fA36Db335C75948E6B472,61172896,false
0xdf8A5a52b3481EAAa2937B7739880deeAEcbE937,60937361,false
0xDC1c5a3d2173D6bcC0d6a62b7e94c00f88DdBaE8,60113892,false
0xb03fB791f76529b757E47d26f2b16263B31267CE,57999667,false
0x140e68D9723519cD3e3d2fEEa4151135B7aea929,57465653,false
0x94dFbC3f498911C264e65B7A238E1d0Bdc2CEd02,57138201,false
0x2a9eFAFEcB8B2A7a317A3C8C82d1257Ca79aC4F4,57138201,false
0x521e6f07bDfa2fF8D072887F0ef3bB908a3D9e2a,55861428,false
0x352bF5e59A4C1a0E4403278fe5C9189F63AFDe3C,55762410,false
0x277E69166D01DC241700B0e33Cd253fDDC07142E,55313056,false
0x562aD7fA504e5134B424D496f45254d657669492,53789666,false
0x3C7422D76F8D5243Df5F11aBA0Af5656fAeA5Dd1,52916476,false
0xc0EA9804E5C1033F4AE2ad059540FC7B40F72411,52675537,false
0x28F26065B2847dE081bb5D2fdc87D3AaE6a5Fc9A,50080600,false
0x18105e1222125246163561d4814087f60f545d45,49688245,false
0x85A729033Ea3aC6Fab6ca0111E587DBa45F753f0,49625060,false
0x0E8195bEa7E976b508eAF2F828c400B5b33be293,48898310,false
0x7A52909A5ddEe628486CCEDca49a96476fd02a77,48824580,false
0x5b6Da8BC8696Aa4D20030151345ec652cf1eC727,47229038,false
0xc210a4D56D99E095b126664fDCE545b369ED3FD0,45043789,false
0x042e07893E6E469Bda0616a5804d1da3D9C63fB7,43041070,false
0x588d1c79Cbb573d7Fc25fB2A550548590A6894FA,42438274,false
0x4ed081d0A719fF85548EF8AD7fB9AEe64B07d5c6,42081200,false
0x5eB404D1B2c8dD203396C1DB1655F9473301B2Cd,41694319,false
0x2A3381B6909512Ff4A028b6CA747E4592F8384d5,41253480,false
0x98554a0F91DAB9111F80D5e96E062a8647343c4a,41200082,false
0xeddd3e92C6cE03B78E6e81394055Df665Aca5d82,41106282,false
0x3aBe2071c843E16F5Bb3264Caf114f2A3D438777,40319960,false
0x7A384368Dc26CE6102d01bdC9376cC48b57De342,39820571,false
0xBdaACc505101807FA4EE861733c76f1d8082dE99,39746953,false
0x6016C09EcD36DfD9C60C12B29e9Ef2aD97264beA,39333087,false
0x23d0199BC3238a6fC666aE191d53b7E831898200,38765580,false
0xc2E240f8E35C8f536c11755EE9C6Bc4381f59d66,38314635,false
0x93db2e90F8B2b073010B425f9350202330bd923E,38003279,false
0xbE2F89928FEAe8070a9d62b2837615E49eC53eE8,37823438,false
0x08a9B4221A84Bb39Faa7D6fE0F7664EFEc9511aC,37794430,false
0xb78Eaf68707D5dD993E211dd615c4A0Fa9216285,37506617,false
0x51Cfa042b58Abc3A87DE9cbEb6aFE5C631e1032A,37169715,false
0x2519912f102F386A376dc79a30913355DA14FfD9,35821587,false
0x5AF3fA2e68BEa64f2f7d6856423d5402f672bE06,35492379,false
0x92c34B736B832d33209497f3904C4423d11E2a8a,35450397,false
0x0dec971985A49084717B06904b4047741A1e31C0,35368099,false
0x193641EA463C3B9244cF9F00b77EE5220d4154e9,32511394,false
0x253F81c6d426C2361E4c9919D542805dF8DDAb47,32254977,false
0x296A20B8646776321D465C35Ab62964f7F0c1FC4,32155232,false
0x1C6Aed70006d8d65c6407Fa9b27C9359C1572f40,31960667,false
0xCAf9131ADF841cC8A3f8C14cBc94Aa16cF0a2faA,31775505,false
0xC6Fece04694A1aBc42F757F03a2A6EA51F0989a0,31285467,false
0xcc3d30aaE4dd4Ce9A1552F2dc47D3c41F869dE80,31236580,false
0x22b908c2FeA7a1e6043FfcDBc77D660D4D326961,31234360,false
0xD8E5A6C7cD33d29778CFF10ab27333e41F520965,29372249,false
0x68f6609d45A9dA001A88f7A3b9ec236Acf27e1f5,29242039,false
0x2FB2a46CebAabff3E8F12cC9a84b5A0c3D9A4076,29200863,false
0xF2b5d8F170b5C61b48ec826d9FeCad4FE2a8e369,28965650,false
0xB2052A26D3052101280f226d1D1635Aa3Fc6A8F8,28606692,false
0x2C6A04F2c86a39Aea5E37982B81FdcCCF1198053,28319161,false
0x3Bd64E65E69679fdB034c66c2993f713a88e213d,27727115,false
0xa77E705d7166750F53F60ca7e246BAFBE40f5c42,27038658,false
0x11Dd2D0506fE6b8BA5d855C4DfB5e5b307Fde636,26851766,false
0x19c569184f60913DaeA2BD9409C12B031D06778F,26575254,false
0xCa4A4E011BDEB6E5cBC229B882eE20ad3231096A,26217226,false
0x2c65456C62f849f8B0E5F354b0102E0e1FC07Fc0,25991900,false
0x23ADC777Fa042a463C017fAe07bA7cA29CA2053D,24752069,false
0x106acAE4A2764711dDDB4389Da619E2248Ffd679,24338285,false
0xA1661Ab48f1647cd0B2E53141f9953A33a7F44e6,24025395,false
0x9dC030F8755fB31E2Dc8e3f281eC8C9cE1Ac2577,23940798,false
0x050D9De2541ea325C04614d26395E24294426cd2,23858715,false
0x2433d525d38b1676cd7A604931f0De71a5e3330D,23837334,false
0x9814F106638a677f09C9Bd911aE710bbd3e075f2,23641685,false
0xFf4e0Ac3e826443B6fce8Bd85F8DDf270C59A225,23379517,false
0x9b95F760A7eBCd6dFbEb91FACdA9B8ac2296820f,23322148,false
0x6A4D00bc2a921e9Bf5397cEcBa78c6802BE3702F,22500371,false
0x0396816A361e2353a91Fde8438600a9353b34ce7,22404182,false
0x8F688db667e04B4ea0CA7555ec8B087B28B850b0,22230896,false
0xC3057B4F07e20CAaeF063075D05344C9a9E0452e,21624598,false
0x2263c638f36e445AC6871B0B0D903644F34Ab540,21315623,false
0xc6C37f625e9E36dCc7bd0C4AD9519C39F5E35544,20748811,false
0xD84C1C289B56EbDC6c7cADF1373B96Eb29Fa2229,20744014,false
0xb89AC01EFFC7A4E483Ff5EFBC0cBbF4A69D10031,20538769,false
0x4cd6B970F42B41Ee58c2e4B7aB99863d5AE52A23,20398502,false
0x530c12a717705Ba7f89ec7560538eA4dF484Ef41,19903311,false
0x8F08f0BC0a0DCaB34f260d263082d83b16Cc4d60,19665757,false
0xb732e3C0092b31f1114b75A0378B1998a51b97aB,19332531,false
0xE99022B4Adb809496e1F2439f62b134285EBaED8,18964906,false
0xc80a5430D22e8f96B9fBf0d4d0925Bc9E60daa1c,18693255,false
0xafb5507830449096Ce504b779e0Bbf7f62A02992,18490022,false
0xf87e5593305Fec708fb9eaeA5186b40Bdd9a76A5,18483444,false
0xa323b865019bA54A9380524ae673Ee5B002C8F73,18385603,false
0x2BE85989aE5Be61945E44A5e3F870Ba7960FaC42,17983751,false
0xee2eEab185A61B4Af008B269B6E250Ef5DC4985A,17819328,false
0xC36083F02c96C11fF198266DB5D15AB11fc9164c,17818328,false
0x94e2a21F2fa97A29DbFC8912F3c78DC15265b6E2,17421203,false
0x9dbe54b6e458Fd6F1507519323Da6C729c9F41Bb,16974278,false
0xB7B6654268D045B8E0393EC754dE2BB6e4Ff339b,16963306,false
0x58cBeddB049834E251dBB77F9Adf8a0D3fD8892A,16809913,false
0xEdfA35A6C15a8780e0c7bEcc02A96bdd349c3186,16266075,false
0x27F28a6AC1A73eB4220Ad4b2a5B58744B2872BB4,16238181,false
0x90956B95556b753Dff23F440Fee868c2b4aE0359,16124862,false
0x4735B8A4Ad6D95cA2D9810bE608952d2e4BE30b2,16124862,false
0x410073594C00D2A764fC17a423c36d94baDA8477,16124862,false
0xFd2d81104C8f1C35434BB5137A722A38A380B0aa,16124861,false
0xa9340AAa91d1aDb4c454E2bA8C2E667D3fED814A,16124861,false
0xCBB006F07576173A6F2Aa8BC47371DEC57DDdE6D,16074569,false
0x8966D8aCbb4b0d5830fca4b0Dd3b134e41049B19,16053977,false
0x59BD3Faf945D1A68D9c6d592ad6017D6b981c12E,16032987,false
0xf318A2F77816c166181597E53ec95773c7d70262,16016139,false
0x0840EC76f82d3e72bc9891405801161545792ef3,16016139,false
0x87369637f5A69797a06055d29770A557Fd2BBf6D,15784085,false
0x9609B3FA79e0197b3545d5e33D5810be85ECBb8e,15721434,false
0xeF683013fF93d12bC35e04f5c1430e08C8D0b107,15708595,false
0xf95A2116E925015544Bfd3800d9204b701e46BbE,15408675,false
0xEE897dec9456dc12da78A0ce30dd9E7fCCB0274d,15395335,false
0xC181f7D42a34D7a16E019C7E7059B40eB46b136f,15250271,false
0x46F2dDf1241729aF7648da98E47891BB9Fbe54E4,14933972,false
0xbc6230C05952B65c21603514Eac5d7Cb7e56ca96,14605984,false
0xf87f7d563558bebF1031bcF09ba6ca60097Cc7AB,14135426,false
0x1d384d86Be16F28cEe9Fb0784dC437d28E53DDA3,14068687,true
0xD255A69829d2cE709669f3E1bdBc501949CFcDA7,13927556,false
0x0B919e8e21DdFaDBe8D9A0F7687b69c20058a48C,13684056,false
0x4987f13D50AC3246E589433349095492e820f8fd,13024539,false
0xB444d4AC1E3ABA552153C1Bf0beb11c1625111Eb,12938207,false
0xd20E49BA0bAE7ae2C31A51681481Fb1b40A26a04,12607939,false
0xA0904176d7CdaF095eA0273857e78559796B9378,12280871,false
0x05e9Bd8F5119715b2257182dfe7026ccd00366fE,12113369,false
0xFb53f661D6f850a75A8c9A8138F9ac33113ca656,12078258,false
0xeaC6A75e19beB1283352d24c0311De865a867DAB,11957977,false
0x51453CEef7c761d438d04Cf327885565b90fFd48,11877082,false
0x90E6071B11Bc236550Fd4327Db5747a514b4821D,11712726,false
0x130DCcc9EfA338C3e5fdb2593bed55bf03777854,11459975,false
0xFd184b39Cd9152A09c1C895CaFd7efCD93dbbad1,10988768,false
0x7e11A3883E901bdc0EEf2b4e135f11E1fe57C1De,10970036,false
0xB33E8100456b999DB2E9E5BB89D209A56C99103c,10446887,false
0x374C4e318c6CAe18367BEaEa77Bd91a72c6e06a9,9999482,false
0x3e5C3c5c2EDd31E640ee8675e5Bd02E8CC43081A,9919341,false
0x4647B19e9356d450c6E1C5aeE9EF89AA37b0F1c7,9637767,false
0x90F6330c0F381CD5F1EA30a02eDA4E194E82266B,9583707,false
0xc655BF4FA5A5846c3407d4Bc7121b79D7eA7DB04,9497778,false
0x66C11568FCDD0518d4c6997fFa8f3057A052cBD2,9386711,false
0x3d7f861e7faBe268C074DE3Ff1dd0b3A2EB3D70e,9182952,false
0x494e443f8a12C2bF77d2f25Cf713F83F3e4dcbCb,9000588,false
0x5B3930B4cfff74cB8087a6390Ce0668AB0c6718B,8948005,false
0xFf2420a08B4CbA07A79953bbDF131788CB36F859,8679397,false
0x2847BbB3C720Bb6aa4eEb7EceA0Bb3A56B42e1f9,8647990,false
0x823d1e4f6eFf459A3144b5cDadA352899A5ec17B,8580191,false
0x347af68e6b7f279Ae02e9b516D914be4D41fF9E9,8392680,false
0x37b14bF02B1D01E196E3439d1689fEf845E9314A,8337341,false
0xC08857A0D0811Fc5BeDdD42931c3E5e5a6711523,8319641,false
0x6aD9970e111a6baBd1E17BB913AFC4c6335B339c,8062435,false
0x9C151f61390fFcD6218b1D5736c49A527bC5a52a,7941263,false
0xABC6f0B7A9d116ed39BD96fBFeD64F1EDc05B8c5,7681998,false
0xa893a7f05bcdA41C8508185b6393BeEd1ED23ED3,7652579,false
0xE9953AF2eD3163E6c869D0786AD0882302Bb749a,7408048,false
0xa16eEc8476d15CaF3908a0Eef9458a79908f15B5,7245071,false
0xCA69c56104e5ce8f00834d7fA9820eD784Aa73b3,6995324,false
0xe40636E5B376A9D993eD664B5833201A63E9279f,6995266,false
0xdf631777df4DebcBcd647e85bdcB868b43663BA0,6841169,false
0x7b112AA3a007039b514aEc7187e7232e97666016,6759959,false
0xef3f997f76dd076A0354b088F5C3850A949299B2,6286695,false
0xF09E6d5EE9b5B7FC84412260FD6E6D70dCadcd9C,6145431,false
0xd9bF149e1f9F42B91088A7178944A87564156AFb,6098025,false
0xFE372175689a0EDaa1625352E15f730325320c65,5788830,false
0xDc27CdE8B1d08F516d726E8e0CB3012A990d270B,5634379,false
0x6028c7D7BC32Eb5Dd5df49Eb9429E95a46e97132,5629824,false
0x2D345fe0de5D23c7612290F5A82D9b35C6c6823b,5572108,false
0x11E306d05124175E898f24CfeF4a2B6A4c592453,5403179,false
0x22e2f326FE5A1d07E1214EB1C08346Fd816E8375,5374954,false
0x78A3967A878574c6Df6D1E8eaa47eB90F1066439,5203866,false
0xBC10d1926BF88367422e4343bFdC5515204aF3E2,5139788,false
0xB4d47BB3bDcdE23efe8E979336579134802D592c,5133864,false
0x51F7317dE6B30515e7a11f5D1249151612DB945E,5114985,false
0x64739640e38F55e6Bf1e72a3B10405395F71FB45,5005561,false
0x61F3452194de23C765560415894f0249560eCbdD,4801128,false
0x9480fc2A527BB0F0e5E6A3CF2922BcD123B71302,4586299,false
0xCF98328EcA43148790a3fD5e674a8B1C9b4b1Af9,4287490,false
0xb9b4800282BDC0DD2284fD321cf6800a24a7B8B0,4152682,false
0xfc2b55878Ff73adD7508EC37127Cf78dccE2B7c6,4095050,false
0x699307D23bCDFf8F9aE9D2E2a4AB1d84C2A42620,4014986,false
0xFedD5C9b8A4e295aab6a4811a3B23f0325e72D2e,3977792,false
0x7F1CD22F3E8DfaC287cB6b1D29a4D28ECB797b9c,3786109,false
0x6BabF6047f259C0fe51a92c12352140715DD4ADF,3699801,false
0x15E1690f4D5dBe4790a3D093Af1397d6879f2123,3627995,false
0x06e477F88ae55721B72f0F2c545328eDe998803e,3512383,false
0x969A23121aF3f10b1333f4AbfbDc1615A91529Fd,3496522,false
0x7eE5eaA5AB91cdD3bA3676c3cBd8e70b0dA84E88,3440735,false
0x20aF7316E7bAa5e8fb42fc2f52641A5236c27515,3215583,false
0x09e63186b4F94FafcCC60a42D3f77b4A10995674,3208543,false
0x1dFb5c1f929d951D4C9fA959eAB01A803B7a7E57,3145229,false
0x379c82c069331EC03D2A5c40C16f074710be3d89,3136047,false
0x83bAD39F067EF72e354F2EA9d318EaAD381a7F15,3105511,false
0x96f525780182c75B439765a82bd6CDaCCB3479C7,3061385,false
0xC2bAB064949c7288910f7Dff6aF78c6aDa4F5653,3020717,false
0xaef05FBE0aB97596C95b82642EAfF8d2DD84Db64,2997723,false
0x0f31d194Bdf201b1838F2fB098beB096938256F1,2932169,false
0xf29504aeC84dDF9BDC07AAc82003bcAF1F24BEcB,2875606,false
0xc7666afe71d4699a9331092CCFd055846f9C6c54,2836056,false
0x5090E81d120833a79Cc2E0c787D2d57f2F1F9067,2722780,false
0x128A70d87c075aEdC64b6a337f140ead00a0E801,2600591,false
0xeB0e6eCD0E78B0a84eCD9663a041F453C454a99D,2594779,false
0x30620715bCF265773B2973eFf4293CEE0Bb1b774,2474077,false
0x302C469a8e85d9f6d604D5E7CA4836b86220D22f,2470798,false
0x3aaF430c7e4b4489750BD0363269e504795E834B,2377795,false
0x69C6Bbe83C42d426C3Fed19ce4659F8911043105,2354611,false
0x2192013589F926637cB288004db2f1dadb71D390,2314577,false
0x3974A968AeE339fA64D1dafEA872e19C04B9EF11,2251753,false
0x433605F06C4550c7D4bA6bdaBc261C8F4D1eCb98,2245755,false
0xf6658109Bf70e4A32d7170c88eBC4B975B6c6C8d,2242005,false
0xecD00B55dDCBcBf38EcA7ae5c2d0b7F97EEe0d8b,2136178,false
0xA0b334E3b6ebA412867e5d87ceB732523A3a7B39,2124265,false
0x251bCCB83d9dbC592d5EDF29f1227C6C5D7E193A,2120479,false
0x0E9B063789909565CEdA1Fba162474405A151E66,2081725,false
0xC044E6299CCA325b92b1EdCC46529aFEFa09DEf0,2020051,false
0x341979e95a3e2969EaDa286b635d6e29F7a76a71,2016093,false
0x4E376347a9a778c1e27C097e1b4719246D26868c,2002155,false
0x03522535c182B9c21fE1bc945ae8Ad2e19D83AfD,1988030,false
0xB867Ba86746b4B3268508b014a3fEFD2a938cB27,1966658,false
0x848AA3AC774df12CcF01b0D028cD570f1B20372b,1942232,false
0x617Cf05445f9750264498ed4Ea4FAeda19654e66,1910906,false
0x9c03916F19e8f0dB7Ac080C366deA41b09839Fd7,1843978,false
0x51eec94F39FD18dF3F1fA886791e87b8E700E800,1832688,false
0xd2B9437FaC5D77650f3A044999868CA230222faf,1752176,false
0xa68b9Febb6c93F5e5A24Efe4653fc7FA3c8D50Ce,1741124,false
0x1307076d16E9baa9Acd96Cf19E35eA976ce8B54E,1739408,false
0x8Cd8DfA254B8Fa98C07B8D39FCf767086D145833,1739076,false
0x0e29304fee49a7F3bfb4BD0C0C3d574597Dc2bDF,1731705,false
0xC05AA471f3bF88c940812d17A7630F620f003778,1731572,false
0x0991892B02A2B752Ad68f2b01dD8457F9c22c26A,1731441,false
0x00A7949aa0F80C274ef6048F6AA3eb35EbC65F48,1731289,false
0x66E1df8db9B0521D41d7Eb30464a5281f71b29A8,1731148,false
0x713c11Fda7ddb0ba67126050Ba1F2395A52B47D1,1727268,false
0xA8b50bB75C142D935D1758FD31b16031b79d906F,1726589,false
0x5C0b342646129A490b2580B3782EbE1fb290fCea,1725783,false
0x714d5A6cD567323b1c473d17cCa258ac59D58f84,1720761,false
0x04c92983C9249115a4C719416Fd7e7A10B33CB55,1693200,false
0x85ED7Eb0bE798965861e21409BCb658D3A26641A,1679277,false
0xB21526Cc02e00206D892c56cbBF92Cc73170a0c7,1614553,false
0x769c84e40EF66073823D4F65Bcd2ac8D8e6CF2EE,1604596,false
0x7349A18039B9a6bA51E58bAb714E5835bC934AD0,1594041,false
0x5236809bCbE4bCd4b92405989f4f8b5363f527c9,1592223,false
0x021021Ed27546Af9B77A7a05e7191C8AB9a7c020,1546315,false
0xdB02db34221f6116A993B4a70cEFe28b9aFF379B,1517930,false
0xdE065aCdbA704DBdaF4da51b8eBb494BA1514a3E,1489483,false
0xe0c97f3bf8a43039Ca2CC889B64bDD60a5D39A39,1481726,false
0xe3e2e38d5390A1608935Fb7D736c724A99224569,1468513,false
0x59670e1c92F75DFDcD8C0DBDF6c3302bcf46607B,1468486,false
0x1EFb5d851Af8B0bD164FD0263136504f79bea69C,1446614,false
0xbfEc296062082e39a165BE582756C64cC5166876,1435842,false
0x2E78A0D97479cCb3238a4Cd5f373654bA09FEf2e,1424182,false
0x96b29b8dD6240144e203F9f45D55F8FE6fC466aB,1419380,false
0x3F257EFE4cB8AAb6913C3C120d4884bBA190BC79,1394540,false
0x471ac5f02c4cEc7032206D686cC9450517F99d99,1379214,false
0x543A3Fb415D1c2e3cDaC08f9B321E8b852d0D943,1375257,false
0x80122b50Ae4fb9489fc9048B22C3b0F2306Aa708,1373475,false
0xA890D85C676297f64d18804496f37476B984EC5b,1364677,false
0x56C92f401fEDdc9C1955Ee46e35c524A75318274,1356082,false
0x5e4Cc975e6F5B288C285844078723AD8e0A20178,1352933,false
0xf0A96dCecB0c328083Cad23D598e78d3e0Cb4981,1350594,false
0xC9336fBD6d9B6ae2cDCF4E0a8E6370EAc3F2d2b7,1344933,false
0x51402358Ee20584B9480b734834Ad326460F5936,1328519,false
0x36b66CEE2622cb47d60e86a1Fa1C831B09726edd,1254904,false
0x2FC9a0f9E76339f7c6EB516e18F81C713EB1bD66,1254193,false
0x2534c390132f1f05EB85B9ed946893A460B340fe,1218561,false
0xeB92f0f58b218ad22a22741D5aa5bb7250E70045,1211088,false
0x90194B9b2634C446D12200258b3EE34427760E35,1192811,false
0x4A4C0ba1a4CF50D6ca2854b85C688Ee0aB034Ea1,1173116,false
0x0d0D34dCD3242ae5CC6542B058a4be3ec33D5C46,1151204,false
0x30c242fcEfc5604D6101b6002676C5BE9ca8a27F,1137933,false
0x53667436Fc6A257d0c64624B9a660370420Ec46c,1109536,false
0x866a3619146AE853b7F620CFC9E382fF66232c77,1107439,false
0xF9ab14Db9143C92123384bdAf2eBf5f1ffe3C3Bb,1104509,false
0x8A1a1D48f806E630977Ec2715bc7f69FeBeF6A47,1098158,false
0xdc8F31Cb7531D8aAB7117016d2588B28F116A2Ab,1074731,false
0xd622d2FD6eeD24B95145fC59329376cF0B1Fc7Ff,1053504,false
0xc524a6835dd9bfFa2662D595EF064aca299EbD2E,1047468,false
0x7e51A4C0E2e7f5ce1D4f61C4436e163F477ca81C,1046709,false
0xB428D5a474050b69e8Da7d9e66E36Db533e953fb,1037740,false
0x12E5Ba5527e1C740eC6B914aED6BF78610508144,1015866,false
0x8651340262E9873282349305f4C34e2BD892391b,1014397,false
0x13b7e6EBcd40777099E4c45d407745aB2de1D1F8,1000000,false
0x04a935e2b28eF8E2a719E0BD7dddA8C4AE22C959,966105,false
0x8aaCa2dd221574341F6E5CE2A98Ea33C0D053B96,965591,false
0x4bf54FBbB9613F9A5cF0D52327D5408cFCE8679B,953545,false
0xf36aC4FaD24f6E89a81D5c400E609E7aCd7e7633,944166,false
0xe0e8fCe5B774b765B91a760deE64B75f5811E406,944139,false
0xA04866d04026186093d7A1aac342cf10A73BB3DA,942447,false
0x9dDc19759ff10b381E0e1fe2Df88F5c07a69138A,940427,false
0xF6E6045d23A058DAc25650bdF26C10a7CbB35f24,934740,false
0x63f28CFF6FDEdF60EC96acc2EfF6Fe6DFF03D145,920127,false
0x2a9Cda9a4Bef4ec52B97fc33439Aac2947BfB3dE,914424,false
0xA8Ebfa3a881054839966a351695E9A21BFbcB013,903046,false
0xAD89C778C7dBC0C7546cE7Fdf6A1d87C369A7892,892747,false
0x81033a7b79Eb2b6B177e3b9D15C645611C8f9d5c,881242,false
0x8B781e113F23a277cd545149444EE78831a460a9,879504,false
0xD481770ba50eb3bE6EA2ea3c1A53b83c5532601C,870726,false
0x55B022A06FE0e214eD4e3B5A6C91e6D1fa9acC81,868284,false
0xcF24f9DB11D7cf69b1f6f438c1A5b576456F6df2,851171,false
0x2E6Ff365367c9DB7C4a6140d37394aB8CF25C8A2,846043,false
0x5898389604a62F6e760a99077b9a0FC5669EfE43,845738,false
0x2d185421f556eA40Bd67F5512cca15F2a793BA55,798536,false
0x6e300d553FED81AB251ef85FE1226f2a1D9B6e0a,750419,false
0xc302C38157B7da56eDbb127559920b95b5E90978,739363,false
0xB81D739df194fA589e244C7FF5a15E5C04978D0D,737985,false
0x69498E689864952B07f226353595108c22cb66fD,730974,false
0x3a96Fa82b87eA3D26dac3dFb11ba5f05EBa3c2ca,725793,false
0xC90Cb1F82Ea0EF40D3A36eA26F03878Fd338BA4b,708068,false
0xaA55EFF252336e310edb0B9dF91B81636220462a,672477,false
0x0FcA652B851aDb1a132Be38B13E78b8310F30000,672316,false
0xaeCb879BACD35646543F80B3377451F0dC41a117,664554,false
0x6B33e611CA3B2b407FE48fFC3d7BcEaA5C508Dd4,661166,false
0x5f0828075B1a9038f4b53D75126706b119ea8260,658993,false
0x6f939b3484A8E142a1d4b231027Ad3974619e3D2,642996,false
0xbc8eCA419c834893184EA1a04eDd116D5BeFa85a,631134,false
0xC9B7411fd802BDfA055cFD469D1aeCAc2Ac64394,629930,false
0x92A9B57a95a452bA3D8e5dc0C47AF44B90AFf9F0,629475,false
0x0df5283bA7e4eF17530bC4bd801d0aA7E97C8e9f,622926,false
0x9A1480d681bAEeF973a13A15578892dC50c907e2,614804,false
0xbb85bFF98F145af30BA935Ae4DeD97C7A5Ce9bF2,604869,false
0xdD543DC0efeA305A4c595305C784166fbe87897B,584190,false
0x57A5194A0BEAf4838E74ea563a8aA22F2C766bF6,576951,false
0xBC0f79D681F752123e439FE5B39C32E120500330,571593,false
0xBf52965A29eC0AF078d23Ac8173496B9eFAF5BbB,563742,false
0x4C21682117E10CF902edbEff31a95Bb75DFECF72,560359,false
0x76D56B9BaD27655F35c7EfE311987fF9F79971b0,559244,false
0xb9372eb55Cb122869CD6004bec70c3F074b12E15,515072,false
0x595f5e9cF36dF0AAf12Ae27f1b3dC18622Fc5748,501200,false
0xe7a4cE94d4bcA0C653d44a135BF8051d877A5CD4,479596,false
0xE2620e4919D7BfD332227D131A3a9Dc389442B89,479571,false
0x5f7E1f4bF6d39ad48EeE5F9296d4ef1A9019b0a8,468342,false
0x961A03073405F042ae9C7D3837c6fC8248C6598C,464028,false
0x8D7AD84797F6D177b60203B10DdC70346E2E77DE,460564,false
0xA7a71E78128F6e3f6dB404ec47806E472F280ef8,447581,false
0x9dC552A659D48c4479E2231E56a9f93161483Ee8,440478,false
0x15CD7D7A1fc0ca1B91F58d64a591dA4f5C50AD7e,427148,false
0x4d282B47ab52C84533486665C7D2A387497d1735,426930,false
0x78B64a32773fF59ce1d641b2aa4E47403C12c3A4,420522,false
0x72715f441a65F377fBc5398b52c482435084Ec62,420211,false
0xCc8964e862993d96eBA4fDf73D07E30bc37a9Ae4,418161,false
0xD3a5A3B167fF2eab162E1E8a69B5CDbb9C68BA3E,417602,false
0x53d0DB68458d95D855A0A1A56E1c796F0fFaDf9A,414875,false
0xA3D429FF8F5eE2F17E7fdd63AEd7F1021E893e81,414819,false
0x3960315Df00787D5AA9Ef8f371Bce5eb07b9ba8d,394143,false
0xc4e7E70a3A41c655B1b634Da13Dd2689AF821616,381112,false
0x7E1Df7F17aC2430d60f9BcD95b67F504E1117A45,373749,false
0xd26b76e50f6510cdD4bf45d59279705f36946d23,355439,false
0xe01043dd03474B04eCACB934C09B27B7E49DB69D,346398,false
0xDf345d77DAB35b4C87E08dE6F34ccd9854Cf718F,315341,false
0x85aB1d35D62F6343A33136E317829278a96B9522,314252,false
0xA8D6BE2fD60f76C31d32a3B0266780403E790f3B,313769,false
0xc51101BAbC9Cc75118fBCe5187914e45841A7f01,311902,false
0x84e47C7E20Ee8e8d6195A99788226EB488f5Fad7,310062,false
0xa4F2F6D9BAB9532d2A5B9B41504274E7FD0fEf4f,307939,false
0x3F6426c53b892a994BB167d7388eb6515CeB5A72,303184,false
0x44a6c52FCa6570E3B07CdDbA10eb9F1cDBC5aC8b,302238,false
0x634b7a3Be15844958ebB203BD0160F9094f4b251,301671,false
0x595e187831CB1ebAf3e4c09423eef3E74DfDaD1E,300115,false
0x9b4A7002a086d4F8dFf04Af524987DdCa9b6ddCd,298635,false
0x5E63d5703E3784d35952b263EbD7B571C0d8e88F,297551,false
0xd37C73e95F9dd92a4F25ab7e00ECfF803b7f7Fc3,296686,false
0xF009Af0A5FE6d7825B7A4969D6e77ff7773210ED,295720,false
0x7cE056c08dAcf7ca0bcE70722a325Ff0a6e65b3A,293573,false
0xa4542A1d50516Cf512A3d38562b2D515071f65C4,288516,false
0xF156A4F5699393fF34fce9e2Aa3482e3e4e4363d,284534,false
0x6fb7fEF4234bEe8597952ce48Be4c2b306b83B96,277967,false
0xE58564b8Ce8344AFDFE3a111bC0B541ee7F5f7Fa,276267,false
0xF06F13f1978410e5A3EB6742A5cd757B693BB97F,268102,false
0xF32d9f465CE99C88094AA832b5bCBA40F31e8Ae4,265179,false
0x7a74F759c3c8ae8b24F0F9Da57bBE604d2a65340,263332,false
0xcF7E2668Fc64509a2A30c77066800eE310834F17,256824,false
0x78DACf854313A0FfFd70888fb2418E0ff8C46510,255976,false
0x61cfAA80817924fF93c791841A7C774d4820b999,255018,false
0x1931853C2F15C18b6E99f627eAd44307221BDD27,254605,false
0xf8994cafeA6dF96823643F337F9A77BA7acAEDaE,250667,false
0xDf16b92DEDF10AA5D961C52e4B06766bA1649786,250619,false
0x6cf5A6b47Fd98C52FAF6CD8C71D2A654FBe2816d,247678,false
0xd92EA94b493824b63991fF5C4fFb8063bD04D54C,245779,false
0x9606B2c906d4B004BaEbc9F113b878bf6b22b71C,241672,false
0x0227F8905d2130D3d436D3f814fa29d86a490044,234280,false
0x4311bF7e926dd1AD33B8D79294762583F9dFD641,234087,false
0x1a965f0385D6895787F89032E42f4530C9edb7E4,233364,false
0x52257995a9bB484bC19Fe8f782B21f0f05A82E81,232484,false
0x5aB1317a541427C4D960C1a3565b0638d17845f4,232330,false
0x37AD66eEA325CaA9403E492b66031e742c14A8D6,231369,false
0xbd8104fb375E9f3A291a4C689E932eFB2Cd89402,231296,false
0x327A457861da9dDbE0796ecf5ccB7AEa8A77525D,231010,false
0xbD7338426f07B8f58584787d3E0Fe6E31210cE08,222258,false
0xFc5d97b573f157a7d56D9155512CC5a0740fb819,220068,false
0x34f7126f385c2681478F1fafA8F7CB5D57B062E1,219068,false
0x655cb73c84E8FDE7E35933a902fd7f672a0E3203,218334,false
0xC39832955377345D0De6dC8f4Ab3840795DD8118,218293,false
0x0c1F0dB52c61352BE123239bd180ad3F1640Ad88,216695,false
0x4BBc62e1b7Cf6a7aaDfE44B70ee343974db4410c,214300,false
0xBA8B36d6484705D4801b4aE01a8bA003c632CB78,213992,false
0xD1216B0eebb0e48e6117C75B4B7D527043cAe3A2,213381,false
0x090102422f003438eE2E2709ACeBf9F060702306,213217,false
0x41E3a87a83a97fEeF756695eF8C066ecca75a54d,212823,false
0x8B714cB45683733fD4Dc423FE6BF9A1d9F8DDD2C,211839,false
0xF53d5950F15FD769fA791cA4cb548d5BabC98415,211520,false
0x4651BA74acf7120F56771AD1BF7646BFe95aa23b,210798,false
0x6E00Fc8F6dFFFEcd470Efad425113893B6266C5B,207155,false
0xc665599A01f4c170Ddb7eD52F0e21c832faB6639,203947,false
0x584F92558072Da707962CD36D364f61bC9A1dD8b,203032,false
0xcF8373446363216f0daC6ace39cd3dB12cF8689b,201738,false
0xEcD9d96b34Afc6178ECf25C4D90E0B213F5cAA9F,200049,false
0xE52Ce762B2B10A7da7302b0bEB49a4870EF49b10,193754,false
0x662fBe142Fa9549F36886D186fFA8cBE825f2197,193515,false
0x5B9e8bDD8B6EA310Fd16230EBc6c093E6A0FB562,192864,false
0xc8B19839ae371bd541F20B15c3A3CB82BFB6A6C6,192741,false
0xB00017a6bf54C3238e58a460D8024137dBf8E9a6,192438,false
0xBfE0458fc9d5E58318c5874B29E1C8188672FC36,187906,false
0xfe860A31A128c7d1FC4Db25D0d67905970124652,185835,false
0xf975A377526326b1fC0b1114fb348afc41cFf9E9,184067,false
0x2f225F8A538e7fD613e8ba79DCDdC7D1422AEd1C,179178,false
0xa0c507E52359160a334d9f1AeAA459b8BD39568a,173891,false
0xfd005e01FAa45d3CD3fD4641FBCd9FFa1d26C703,173770,false
0x4d6E078E9c953F0eB1C3dB41A0Ae019fFa9bd857,173675,false
0x44d9f76f49108023A38b5656676f648cd26F4Dda,173269,false
0xc64C886Dfe159bAB6928707c1239E5c8328Dab73,172538,false
0x44226909D8313478496E057Ca42D6c83CBEAD664,172346,false
0x97B73b8Eaa8662381383A67e0dbCaB67f78337dD,172250,false
0x6eBf2153f931334714984c7F5a8E574207927Cc7,171523,false
0x317793F94725d590b2DCd28Be0Bf1A185ae6112B,170936,false
0x0A389C8C7101409831E81C82DCc9cdB13dfB4E39,169704,false
0xd58a6cD12042bfEdFd07124F3d67ACACC02b9c22,168322,false
0xD7295821aC21Baafa398545F28F0B012dAEB74f2,167028,false
0x58d1BFBbb83802D8FfD0F9CB409b80817Fd3a848,166229,false
0x8b57D8996D9c7C8637358b685F6546Df912c8274,165489,false
0xD2570B71D70fb89efd2653A470191A4Cf0F7247d,165485,false
0x946A4F7a4Ec44077c68b5A1b00fBE0b9610cf687,164961,false
0xFC89233d446ce0E9055cee73739D4716453422F9,164951,false
0xc5E328E5ed6B0d88DFdb8A26d254a8BC25715347,164951,false
0x22b3CA930bCF971319C0C0aA126FeF259Af2172E,164951,false
0x386624a22782B5d9c9644BbBf53C131C9842aAeA,164941,false
0xb0c5118F3B53A9683fB04ef3216b670ae29e48A9,163145,false
0x523827b2692915a99B896e5CE8B5653cFF9e3916,163103,false
0x4AfcbFCbD2e7093e53F60c3CE12D29EB97F513EE,163103,false
0xb1f607F3B753bEf4756a30cfC235629A0c2d1E57,161652,false
0x8135080a8B09dcB17F88d9412583b18a28c77c7d,161200,false
0x2eCe359621497F4C9053c30912e9ecB7e74718c6,160339,false
0xdC4E80822f7310ae2E531be39Eb5E8480650718D,158279,false
0xc3554aBf8978900A9c563166C3d0D3ddb18615bf,153719,false
0xC116D2c6AEDe60b28CAA4daf65aa82a1A7EC0fdB,150414,false
0x6B9f09bE47A4D8d66565E513A7caCdFadd237571,145758,false
0x041514b5Bd346C23240B2FaA2AcF5946c6fC7d79,145719,false
0xC929Ccb5E214D55Bd8cec88E2b83709c2aDaEeed,145586,false
0x1F367E135c820B3ED88c16eDb30eF2D508aD1191,142076,false
0x0C9BB825555FF7dF0c01345e9C43940D9A1023Bd,135046,false
0x7D675866e63ef5Dd0D2b2982039F319b737b36f8,134942,false
0xfDB466a13500F382A2d2e5376fF6d3B37624B4a8,131177,false
0x988b32F68B2f71FB58D709330958dbDb2AfCB971,130720,false
0xEB1bb648fBc8D27C0205F5341a2Cc2a9EAA7D140,130555,false
0xDAa5FF3276B4A5Af90BEeD716bbE256CC720e478,130042,false
0xFB67f29698cf843efaDB28D2ceA1d6549AbaF474,128888,false
0x082e4aC6F1bcfa6B31f4525FdFE30C685DF759eD,127091,false
0x8AAc15dFe5676a94038cd9Fc6006feBE41e2e26B,125894,false
0xDbf2bCd806F818FF8d223622DF7d9D652A4C8C41,125839,false
0xb69ADef1596b2b0f600452581C786E3Db7B87De6,125266,false
0x111044e003a57A33a638Ecb781834893D691E383,124836,false
0xa2608e76d835D0b3DB2Bbcbd4Bd1F78D47208353,124335,false
0xf1A172755b4180Ae2fd86B640A4f3dcc356C2526,123407,false
0xc972d6522462B4613258f3CCa904dce7CA758198,123406,false
0xf08b2CC5C2ac8a06afdEC93333eaD7854400d378,120832,false
0x8c7497bfCd8657D7F4eeb03B124E2C721259AE91,120357,false
0x5206ba3B5a06EF097194B1365FDF88CA70aDb71B,119911,false
0xC5Aa5AB6B255ce498c8209291611dd962De19590,119309,false
0x9DC52E05BA9fc969c94A1Ac881f5134DfF343925,119290,false
0xF4f5d6a53032D9beE4c0C2316A356De4f9317CD2,117850,false
0x83Fd38D11024E7ee34803400B07dC5863F842ffa,116470,false
0xeB1BcBfEC30297E70ce7Fda0a6729A233c957117,116439,false
0x35205135F0883e6a59aF9cb64310c53003433122,115490,false
0x5772e0D33E9267C9648d1a4037B0c32b3c0Bf043,113858,false
0x3062E1d96C8270EBf1c599857F8F21eD79F17356,112394,false
0x87e14A7781568B09d88a40E3baEF14fFD656d031,112321,false
0xD4bc689aCa0A4a0A80f6C144f0030378C2652621,109095,false
0xA6F77292EA6706AF5fC413423E05008FDE97Bb1C,106781,false
0xAd6153A937dEe66c0398e359F1E9e8C6393643c3,105466,false
0xf0a391658F07e65779c7370A592675106C931277,104171,false
0xAc5b1B53Af0Ab5Ba97Deabf2288AD089B7Bf952D,103263,false
0x23b3511474c960960E4C030e572dADE633Cfc0F6,100982,false
0x5c53414E1f15D7668c2b9EC0A92482A64845f5f6,100430,false
0xacE61E06CcCB24e01b6f5BF0d2F4825440362294,99114,false
0x4Fe82cc99b00232e1F71DFbe7cFCf58AaBD1F883,98175,false
0xF9F0C19fE456d73d146a7572737cB51dF3601dFB,97926,false
0x5A6C35d5D3A130eb804B3bdE124D21A45B1beeC1,96176,false
0xa17Bfb3a816996Ac3A1E26DDDCC7850663548c16,96020,false
0xDdEA796A62BD4032D69a37b552219704B50AFEF9,95634,false
0xCbc69c4ea80dd34E1b992C10cf981725286A2cAa,94320,false
0xED89c81CDA91504299D66b2e05f499358F63b6cc,92205,false
0xdDdA78690198398Ea24C32FaBA940Ed9582d3681,91652,false
0xbcb4c8386c097589e7825aAeb9E7C6295835F1d6,91556,false
0x117AD17Bf596D6337931f41141F34275Eab16129,90724,false
0x492e8DA09f1705265190738F608Eb28223CaF232,90719,false
0xFb9929128701B8B30E3641dB48c26801B7eCC92c,89520,false
0xBaaE3a84Dbd5d76D420A3D40497c75267Cee8A8a,88937,false
0x9684Eb51de72B63B0662CD1e9A96f39486b3E8ea,87956,false
0x9c61360FC6DD77e846c48EBAa6421C19bB5c3e91,87441,false
0x473D4F5C28985e6738BFB210e5f6418FA1d1BaE8,87146,false
0xe68Ff45f25d828fEcb6b12d9bFfE0BF63E73DF84,86507,false
0xC2eCBaD563eD79af01b0fb8FF36e34543D134EE8,83610,false
0x18848422236727eEd4361435d1A46442e03256a0,83538,false
0x318fCa7Bba1Cab96eE74fD6cb9CB4D15De1b4F36,82696,false
0xF498Fa9D68d20Dc6975dafeDcE7C3650b051B8B3,82179,false
0x2f112Eb36E264B42c466fc7161a208b709B1598b,81621,false
0x90053F0a73916457f9Ed6bf1E5c3ba7D4620655a,81352,false
0x760Ffd8EA75bD798b73F01A6808921795711749E,77206,false
0x62D5cfA07e12B54DA4489D3F3F971EC96dBc0d15,75418,false
0x84ecc593ee932bb3cf70AE3b258B18945B8eAfAB,75287,false
0x81679f038587101476e37DC195b9e11D8845327d,74108,false
0x908ea1Deeb00185B98a265f75D9D37766f84Edcb,72606,false
0x4c7aEd32Ba49E46e6BBF01448959007aFdD9EB52,72602,false
0xe6ED3Ab6e940A361789F29fF7A22b6390ccF6BaA,72207,false
0xd8Cc331F67d806796319A1F0Cb65d33C08bDC1Cf,71532,false
0x147f138fc56629622c77f0D6c126925D55E79fF2,70796,false
0x8e7aB9913347A16788f2Dd12DdD77b5098fDA290,69698,false
0xD1437af02996FD3e76116b7415625B337167B43d,68938,false
0xc3C128e916dbfAd1d1f2d54fc05B0D8973067B50,68533,false
0xc2789BD0a9DA510B2f793e0bB7e594C8eAe95Fb9,68201,false
0xD82d6E4Ff3FE44ECdb4830E1E47D9b36390C3F28,67116,false
0x5777F9E76C05867Ee00CEddFe1eCBDE82C18923E,66609,false
0xd498D9ec4a7A418263E8729B09448e18a8ec863E,66294,false
0xDb717949De1BADe9f8622c73040E8231475bcf5C,64722,false
0x75850E05C31d6E3Ce8e45D1fC399235CFe4839e7,63834,false
0xC26101b9D77fF914ca771429bbCe92C321E36499,63570,false
0xbfe9F680619b988e31028b0e0af6E162960A6906,62855,false
0x413e952dcDF3B55329D71461A5f52696B76eaf5F,62423,false
0xF88C303D383AC9053841531fB64720cF92a8d8D6,62376,false
0xEd80D5A03e833D05BF190e116f22E5e447b8E39a,62270,false
0x0b56B4cf2c8B98276b804f0b40D37c0e8aD5FDD5,60824,false
0x73cF6fCbEb5a5f56e550Cce5e0eeAC47f622EA2e,59264,false
0x861A5241B59F88F1FB5175e2Bd5740BDCCCcCf50,58722,false
0xBbBE65Bfe1346f39f893b5B701269d39a148A92f,58717,false
0x988D4511A423B6d7778F8059751FE85104b6a3f1,58521,false
0x957A591c2aFD9732758652263F04e81E4b90F381,58425,false
0xF275b0BE8D755098fb8DA1A0e482056957612D90,58314,false
0x0fA1Aa96db13Dc275c56ac17be25Df99008c2DB0,57219,false
0xF79555240218ea1b1723f5b9e8fB4BAAAD51d8F2,57108,false
0x5D95aC36c8109d7F93384e92F44F5B97CF5faf41,56829,false
0xb7f3c6BAF83D4BC1C8E97f3c437BD058c1b948dE,56671,false
0x3B2180241c0c9a84a23F56bCA111033C68eA5a2b,56083,false
0x31F4EC5598eee3c2eC417a1B8c33D3D176c53f3E,55930,false
0x969778d6f6A629dA11A0F1cE810A8F08B289E53e,55893,false
0x1972b4597A8d1afdD082B3AfeD44afcCfb2bF110,55792,false
0xcA315035554625e96529c6de1A2f0022CCc27edf,55538,false
0xC085133B5AB9F02B62469605fb061d7BC3BD030b,55496,false
0x11800D1eACAc00D440b59ffa3e7BB25d79dE0dbc,55103,false
0x9CB49d64564819f4396730b408cb16A03315B340,54469,false
0x94Ae5310ba47b42D6D8DF3F20cD55650Ad43Be37,54445,false
0x58F1eFd2fBf415CFC0Ce30A13c36A2642690eDA0,54260,false
0x615c7C37e9044130F1fc4f52785C5761aE8E03b7,53362,false
0x50b2523b9f8FB873b63CF6c02531BbA73f530cf6,53119,false
0x15Dc64B7eA5e7406927a3f3794480c10c816EE79,52878,false
0x828F40DcCD14FAd59F7dCfb5C57F3642Ec37f89f,52758,false
0xA2AE8C2c6a454070033587DE1a65EF8556B84e30,52621,false
0xB609099b6BBaB96b126d2542A8d521D6ECf448F0,52559,false
0xC4Bd8323eC0D33547876cE9C5B57aE2A766A25Bc,52491,false
0xe561AC0ef1475E8Bb179B3a353e77C68C0F0Fbc6,52262,false
0x4Bd4b523CdbFc07302d901d3bC75B77172E0cf22,51521,false
0x51115b8a9f57Ec4922994F1A2c1b339ca5342C14,51506,false
0x274deA9e5746f0D57781F64777E3A3D73624AD5A,51351,false
0x8ca1Cd24Bd7A2386f523C36832D25E468072101a,51088,false
0x62B6812F0C77d38905cC66bDFdE98589B8D56C6B,50701,false
0xb9e327a61ACBcDe97570f4F891f71C4a0f8Ee8cC,50687,false
0xe54263D599cd5Af0451Be797DEB8Dc1449F768f2,50328,false
0x072c43c77DA3B33AB7BA414c451125fCE64A8E5F,50232,false
0x876CC61a29E1CE48554d1c987A5977d94870d37c,49954,false
0x92c1FBD551Db20a093a276Ae1cA19591Fb598D95,49907,false
0xa339dF2335CC8affB06424615225f3B3e3707AFb,49872,false
0xEEECDF9946583E1624244DF5FC399121dFB4604e,49335,false
0xCEe2742F7e40BA013b02c3B66C8ef4894541C068,49198,false
0x2564033AB69a14021332Ef07eae1bC495f560757,48910,false
0x0A9a20bd90d2BE1ED32FCE3e46a73B73B146811E,48890,false
0xb5e8Ed760E9ea0cA6967e48438BCfF1a80a9d523,48781,false
0x3b5e79abeE9eCC59af604e405E52b5625F369A9a,48593,false
0x1b5df6216b1E7c0471bB00E38B375B4322d000BE,48432,false
0x6d3097fFc97c1fCe679B6ed211cBBFe7B7D153Cd,48248,false
0x0841458D594010bd58D0917eC7974A9Af8B5aea9,47999,false
0x96Bb2cB5f69A8b4F526480970a8bD27E9de84c4b,47949,false
0x795aa8c1282a784eb84E68B2D7b07Da8671ff436,47574,false
0x5CC88f4dF4D445B1130f3AC0428A5dD213067908,47152,false
0xda1d9534BeF3344Fa5be3B644b767b349e7415C7,47092,false
0xfc469404A58E9ee872Fd52F0719C0DA0f6116BA8,46985,false
0xF7feaFfb58715f000d10d3a7E836255b86c96d9c,46985,false
0x00ab2b9D924aaDCb60126A4050B68e8531A6A5a6,46579,false
0xF41E3d314b6F8A162BE25C619806344D88667fD3,46410,false
0x11d81E51E2D564b57EdC557D9B1696Fef67C9e0b,46315,false
0x517072060e45a04EEA11a383BA05c85876880CcC,46305,false
0x04282aA4Bf685F53C4Bf68BE3f45f25622bE11E9,46305,false
0xaFd2CB50f0cD89b46E79320E008A933F34744f5c,46253,false
0x6DA6FC942984437D7383e3e2112faeb1Aa213e4e,46245,false
0x0dcd149D8a0Bd20305E848DEc11E7A568f7B9209,46231,false
0x58ACd9Be6b1284B5362AA340242F540f3B33Df3A,46225,false
0xece2Fa0e2537e3CB4c9D8b7d0D89bb01d4b0352e,46038,false
0xdD7fE681092b7Bc8f17627eAfbf86D874f12Af3b,46038,false
0xcdBF905e42432ebc0806a9093BE31cA4364cd6A7,45935,false
0xc1434407A28d9bCe0B007bA9316eD1176fE5cc8a,45925,false
0xB045512415e5A280222B18D835D4AC5dFF051F44,45925,false
0x78D70387e6c0d56c3AcFFe11a73d9E3165723106,45925,false
0x0a557Dce401669032C162d9268DFB9c7d9941815,45925,false
0xC477aD503539eC7A5E197ac13aDCFbEe519557ec,45818,false
0xEAaAaE2d3c37F93fF8AA634dc221Fb495a3665C5,45713,false
0x50B8C1e6e250A070200155544f34B8Cb352Be3e4,45511,false
0x9aB8582020886DbddCd53F3719484E2061cf7344,45419,false
0x91F684d70ced2D9789b1AA89F996b55EaF05eE8a,45417,false
0xa9811f9f6B8bCA7f9F91f850A98310e63FBB7326,45403,false
0xf3f41DC51575b8E92705559F002f64060fAE4120,45104,false
0x2a06ea0EB90B5b1AaFa34Ef33fDB04a33e5F5E92,44570,false
0x2800029449e6E38C86Ffbe8Bc1B64FAb25Bfadc6,44230,false
0xFE2a1BDE5f76FbadFB050AeA0f82A54Fd3E39dbb,44087,false
0x29E6D40392903c8f3CE0d8B37661b2e25DCCD039,44011,false
0xDA4e257275A686592a3Bc7c43Ab94526086ca281,43894,false
0x93Fc1574AEFb7010822954b0A7e0268667a669aC,43717,false
0xc493e65656F659c41ddEE86784B8F17F702849F7,43171,false
0x72A262Df73723B4E779157423103e8f2bBCA149A,42885,false
0x3844597c2b75E8510d8895173adDC28dd995fA45,42602,false
0xB7f6C1DF9eF09C0518E66913DD57ceE3f0C8653D,42321,false
0x594B09126CFa0C83F656901c7EF103Aa91Dce7F3,41068,false
0xF447B405fC7b41DDfeF3CF66EC790EaBd6b26A47,40933,false
0x155A53d0c1b8B4Aa0AE77116F968BCA8c8e7230d,40745,false
0xeF4b4cFEC449a50cB497560cDab1FdAe02548A09,40546,false
0xD338a1adBCf4d950A3cEeF50fA57AA30FcE14caE,40479,false
0x06C3FD63ad552EaA627BAe68432Dac379A7781E4,40450,false
0x451294558b1b91C3f99173F210b38Ce825170Ba3,40115,false
0xf0Abe6d2dCA3D9473f65A2eE52fb185cF71C2d46,39941,false
0x93632628516a47cBf059DB47426fF83E0969EC74,39941,false
0x509D131D69D3720217c75AbC30545D4DEadD5A3f,39941,false
0x0f8D3248a3DF3a6FfD486F79e5C283e37a75A6B5,39941,false
0x08a1D63589A52455E90CA1eC01c8D48C54a84Ed0,39941,false
0xb9687EA1D73002d749371044aE07887A08A04b4c,39838,false
0xd1c9aC3569D481873654656115a3D97d57D0D568,39771,false
0x6c4235ec4080bdB2c5080f58472C9125DA104edA,39664,false
0x0B50fBFe8c095697aAa46F3972Bc6cFe434328A4,39537,false
0xd0482C09B1f1dBE2a74E4612234b0fFfE8E7819E,39300,false
0xa8E17bE2B11E744561859C9C31EA060EE30bf37c,38436,false
0x1Ddf5f440b9F98B162783d2829a710a8BC330C02,37294,false
0xf8aE691b673841B976C073a02075f67443b9aa2b,37023,false
0x7777248b4de6eee8E47f1F665A632aF5C974f83A,36920,false
0x0C5Cd230e9EBF5A707CF1f822Dfc49664304DfD2,36752,false
0xE7B538967Bf4417AD284bbca172f51524DDce063,36551,false
0xD9A5B8c4428DB19C54611504c021f11204140Db9,36287,false
0x9CE746023599eaE1e84cC54835bF63e81eC4a212,36150,false
0x5e49cF593DAA334c5eaCF999fAB9E57beeff9104,36085,false
0xf3Dbe1709348a59e78C333358aa8ee5c5Ad67055,35841,false
0x7E938881C1b33af6E774b27908B32F28D5B35b9C,34551,false
0x91f6F271E8f314F1846dAc54B6F8f455420468bA,34125,false
0x6B64E3c80bAD055697dD625CE2A092D87541fa8A,33449,false
0xF48AA2f925Ec120FbA8A916e340B0914295E3002,32937,false
0x398c85Fd28E8fA703685394EA250Db6E2E50fDFb,32007,false
0xAbF5cBf354B338b6a385E8533037fA93A621d554,31967,false
0x7f79CD736421251b41de2f93E57c9bCC0cd68661,31554,false
0xda801B87Be10f053eb0e86cc746d8F37F2557b8E,30938,false
0x7A86F2b45A38FF9c5613A2776318Bad5Ff983fD4,30835,false
0x51e2d61bb29bD800042F664B7F3619E4E279Ae9d,30730,false
0xa5EC5ae526c5F39DFDf90fbFe5a39F9151a0ad0B,30552,false
0x23b89149eaFFcBC41070071DdBad215C267B3D86,30352,false
0x38B3349d3C1454754f12848621Fe590f2163c427,29385,false
0x0839334C52b073e004Cb81C8A609BCFB8D597829,28864,false
0x6d365bdeef00D656b19b943ea63BCE29583dd0D2,28855,false
0xc9499F32dDa5cF76a21A9B99f64B3f4Ea0866a05,27807,false
0xCfb997D7f0012E8343ec85650D9E880CcB846Df6,27707,false
0x0Cba66f57a21671836eeB71c6E146Ad90e450691,27440,false
0x476B2a92323956838aee5a50A8e6e059ab8D60be,27413,false
0xB26FBE3A04414cdB47a1Cf54915a849bd0eaf69A,26794,false
0xAEa630a10601b1B9429a4B5c47563351E2A4aAD9,26402,false
0x3Bdf8F692474b4309Eabd3D4a3C75D22618B09D1,26255,false
0x1763F73075BB4937d842Ce1A6645F8505E24ecA4,25739,false
0x216f92AC691A73347467bd6C487F5774081fC587,25071,false
0x57453361422BfBE5332eF75CBE1C38242c5deEEA,23944,false
0x86D7933192B1fAccb62dB1e893dfe25D1e2104A7,22987,false
0xCbF38FE006fB7D45bCe8A1AAA3a37F3d16e99F94,22325,false
0xB4e307A2020582280F3C827E37fbE0B965A496aE,22245,false
0x780E2187880d3f0df3e1AB82326A313de1992481,22163,false
0x9A75e4b607Ea0aB30F129Bf8e65Bc86Dc171DF95,22150,false
0x0B1A89664970EbEb16d6a1a039017049EEa45a20,22149,false
0x42f36d45381e3f5D9443E872b6192aaf0DB55b53,22143,false
0x14fE3f2889Cd05977Ad4E2508E44Cb0F3D7f56Bb,21897,false
0x12F72CFd58De931834CBd39177037e75aC890d85,20948,false
0xCd8b72c4E7E4a1F08C9486b67F8eC7eB40b683b6,20057,false
0x26C43439031301a85e19868647DF46177869c4C8,19979,false
0x325409632bccFfAc706d378A2Eca57Cafa21ab11,19950,false
0xB210027eA8D90DA063071a9c064163a96616b53c,19942,false
0xA9c0f7b5f2d865A0fEBB8F619Fd98151E76753Ec,19710,false
0x8f6d6e2B57784795F0F7aeFc75A6edC37fCDE22c,19664,false
0xEFC8D05a780E052d2969f3D268F05c0D7032FF76,19295,false
0x432d741Ae42175a2515121BcB917e7FE6d21Cf2e,18944,false
0x6aB14158dd108631EB05e777A80fbD16130af7F4,18683,false
0xa3EE3B1eFdDA1225638AaFE4Cb9b4fe923A4Ac03,18532,false
0x8d02e580ed45631D5C8b53352add7A5154988b3e,17847,false
0xBA2101736f92aA6177F6D1B25DE8dc3Fd9638Dd7,17638,false
0x5047802E925DD1865D36Dd1CF2462326cD6d3f67,17607,false
0x9cB4a586bbdE7528DB256c3FCE08845255d892D9,17208,false
0x78fE969c7F523AA959281D11a2b73c6545F82951,17075,false
0x068748648DE1AFF79f8045a3E0B74b6f227f5837,16451,false
0x5A1d68934c56F5289997fBEA876F879B1840CF94,16346,false
0x8Fb2B9010780c418fbf84733ca3F0F5623EC2e7a,16232,false
0x1077d57B236Fc269F8B2af1a59B21BE7A644a27a,16216,false
0x102f479312F69157Df8B804905A20FE5025881a5,16069,false
0xa35Ad5122e51d7827b531908a089F8BA2C8C7709,15936,false
0x593B0c00078A741eB440c7B9Dde999bdD40Aa1F9,15591,false
0x1402d8E0839DFd9c2751c330816fca883cf38051,15274,false
0xd3ca0656047376434704876CBd2052C2829Fe42f,15267,false
0xCbA1B063ec22EeC56755411d95C2Aea32D851Fd7,15267,false
0x6b45Dd71c6b3C9904F8D30dE0Ff8EFD8aDB83C92,15267,false
0x4ECeB9605AF879D03856ec19952a23D925d3C4F9,15267,false
0x21f775D0190D074515D2990AeC3537246d69B8FD,15267,false
0x32dc3A65d538E9fAAd4738fF736515e229Ef9c96,14942,false
0xB4Bd1E703962C54BD1340240b172E4e516921666,14148,false
0x627B63DA1391DEaC116397A09A6EfC644375709E,14086,false
0x238a46fFd22be95Dddcc51Ec23FAA0774AC85718,13699,false
0x1dCBB7863137b0928AC30D9e834fFe166c0772A0,13350,false
0xedC8D4e41D393E4d815BB9E00bE2566946A9eD90,13274,false
0x2719e4c5F93224F02D7B0cA9F86894A98F49e21B,13270,false
0x8defe46295d8b1D5421eE94d61b83b1FA80da534,12684,false
0x083A5ffc2A5724Add8b79383A2e82db6D57d7594,12622,false
0x08Ede5C20c6CB3b5F84f918322126AB207ac6Cd0,12423,false
0x1271B487B1B276A51F9CCca2568de08440167E42,12374,false
0xd4282ea73fF6f5199765B9583b3c0D368D82C034,12281,false
0x3d7505CB6e263EBD907E3dCC49e98E0fF8e6406B,12050,false
0x277a632432c3e026D5753694F42c8B1590cCc744,11675,false
0x1691565c9E5846b348Bf21707521e492614df376,11638,false
0xc40C57fE663d25B4A6834578bdFAB1045C7e8B87,11570,false
0x3a49Fa6EAE7EbcBe78C71bFF6790E10F672439cA,11570,false
0x923CD36115817D59c51f33e0b5832d7b70ef2530,11467,false
0x3B1Df4F6067505e445e7B48b4c09593196865b68,11459,false
0xB6697f18d80CA5E27Ea547FF5Bd8Cc392C5d1309,10894,false
0x28C974C18C6553B445c4B77F35D83F3499ACF58f,10672,false
0xb312665792d45A3884e605e8B7626aD5b09D66a1,10404,false
0x7C864cD4cEd24928C0355E63CE5e2f38D543cf5C,10404,false
0xc58647A06402A9956b649507c59683d6988E6BCe,10269,false
0x9b17bBa61Aa0e6a1069CDD19428Fa921Df46fEF1,10197,false
0xBF86Fc78Cfc8105798A5669843720F14D04389A0,10140,false
0xfDFE62AB38122Be697c455f9D1926D4a56E902FB,10091,false
0x3eee7f60DD85291037F87414e6c86CDE978EaA70,10086,false
0x365E1aFf4FFc8A49c681Aaa54f7d1f28e704250e,10078,false
0x70e2BED657462580B7d047073b5FceC5f57E304C,10012,false
0x28e3C13619894C8eB554B06c0dc1Acf63358F2F8,10012,false
0xd3CF84EdF9BED670cF9e9983B252B5d9c4818aFa,9985,false
0xefeEb1bf22f013E99E0879EbC210bc3A07985b8F,9618,false
0x8564BEa42c58a65C030e78E479693D380CCcf929,9531,false
0xf1EB075F3dD2A73EcAee8249c492c6ECdeC617B7,9525,false
0x1F8Ee652526d93Ce4646aECc56B950900Ced2E1a,9508,false
0x47f0D454EE2eF964CfA6d7aecF562c2FC5A15014,9355,false
0xa4dD7655A69462E662541786Ba1F774EC8A26750,9273,false
0x175aAB6A6023428622182D206080c8bEA0A99fCc,8901,false
0x79481B2d94cb17f3cdfD550D4981689fED25E784,8719,false
0x0B5f6a4C654E08A7ad6bf3a1C31Aa4a135e7AE64,8612,false
0x2Cb7371Fd28DFB9526d71569475B45D5E19C7137,7567,false
0x574C89Dd2ae4659A914c1F36BD4e036428e570d7,7563,false
0xb3d8EDaf090070D2691eBbF38c408f33B7C83a26,7352,false
0x85551a893E2aa4ac44dBe38Adafa916a6F5f48EC,7264,false
0xe5701909FbD2ca17927968B97beccEe671955a52,7227,false
0xEE84443056E02c271fAA6d379a181A3416691427,7091,false
0x9445e53F069203f7A396838eBeF11F90c517164f,7087,false
0xeAD28646C0860f454f48219aab89669A9A20588a,6982,false
0xD4357Cf9B5466Fe61778BAa2c463FcFBA84cCE19,6870,false
0x8ef39BA661a20cfEC8bB6f13c5fD20B49723f524,6814,false
0x31392d16432E513bDA487A4abE71F28A4fd85d26,6792,false
0x4BAA03E28169175004Fe998E1a7a0c7b7188CF3A,6668,false
0xA8c8A5B9ba42E2b5E757e1db584C793a4120A525,6666,false
0x2fcC931834838510D665cF6166faFE409d753918,6664,false
0x075c7547C54E6F6D31f40fBde75Fb869a030c1AA,6664,false
0x2Df503405F55984639412d64471665272CF35eDD,6644,false
0x7500c10b6f45FbD3ad942EFD87e4520105DD13BF,6372,false
0x14281390C2d735748700F641224404afC91a1D93,6315,false
0x514f47C95546c057467AaB24f7eca200dbF76926,6310,false
0xB2B046c9d1600ab07d2cC21c5f1AF633a34656a2,6268,false
0x9efC2dbAF9C562c6D692cD99Ecdc568FD7f1234f,6236,false
0xA18453f015034D42D6c8169c3D88D2A01f52a180,6219,false
0x0d35828B559a73c285471895891f8b980a3b0CC2,6135,false
0xF888c88754f55b2dde0bA8bA4aba698d9E3a5dBc,6133,false
0x87001fE0924B20441d3131631Cf0278d35862906,6102,false
0x9Fc3CD6E5de24d6F9adaD043F2F7d2083C89A5A6,6060,false
0xFa376d0628449ac8c5FA50d9dcE8C2acBDD53FCC,5810,false
0x5dA68351bD082aBDA73E42Ac981dB51d9364fe69,5720,false
0x40B09E58acE2Ad821Bbb87bA456C2594B66B7fD5,5691,false
0x2ff9C17B9cA793bf856D77b22b74F076eb6Bf2A1,5689,false
0x68eD29ebd361581a566A78BF0FD274d61F1439a8,5608,false
0x624b87563C11619F26872a9a8E26e37Eb6c3f616,5431,false
0x72099133F9310C47b3543d6a9c3fef25Dd7C71e3,5139,false
0xA315c96c0903B6A5F0c997FDc6B257851017590B,4782,false
0x9aaf68EE6A063979c1257B0Fec1875E16D40C11D,4593,false
0xE0c3352fc91558cd3148Cc9d14db2a1bD3960702,4492,false
0x3CD19b965212aa1abD650c64444C4A06Ea645F1a,4239,false
0x70C3B6992b32Dd5F2B8F896eB695940a3B7E1689,4210,false
0xEbd47F3C795723df1af1579155bb4685788BA3eF,4209,false
0x2a4bA14c31F658932a0b01914597fD439997E761,4209,false
0xE2cB13999b4a415673aB573C9E4A53600542DF3C,4116,false
0x933943Ac48B1b76222E455402FA38f582F82e643,3984,false
0xef68A8F68f387377c71F6A86b7e7f98B8413471d,3961,false
0xFaE563FE3Be99e158a54ab92eD2857109B4F3aC1,3787,false
0xf4Bff4FAFCE6bb93eaEAb4C5EdEd3ea681250d5E,3762,false
0xff85E7Ab90782B7Ef690425Fd426b3Fae5752dfD,3722,false
0xDc9eD46ac1e34e2be095097c3271d46367d9D524,3722,false
0xd70707710202f9eaDEa1B06ac82Cb9161BEfd67C,3722,false
0xC6947C739d90F174bc53a0B7348f8590948A4ee1,3722,false
0x7623E9B63EB372C2e94a705cF9FA41815Aec27d9,3722,false
0x7279b3a399F1b087c6EFa478886406FfECC64685,3722,false
0x3e2e30a16Baed3848D4100A8e975fE80D6d09d35,3722,false
0x223468b39100436135c1C2C4eC2046B46C9FbD8b,3722,false
0xccA53bd255aEdf3C93B6370C63A55C824A9063e9,3716,false
0x50273B25c402B4a98Ac050f43e9C67Bd40679B7E,3716,false
0xb2B954A47e0c9c5630A575024d56902Db7Ca8824,3712,false
0xFF5A5bBC1b0f124974165b2190f460438d7CD220,3550,false
0xB929D36173B200c1D1944aC8E7553949cB6838f2,3478,false
0x5640Ac800A464d41C28c1494e554953727423F80,3476,false
0x8B190A162E643760D91A02FB35Dcec858C4E51DC,3462,false
0xCecA8248D800EE524aaB2abB0b01d91528E09c40,3409,false
0xEDaa82cA3DFe16619a1Cea77F4F90A375773bC6e,3354,false
0xcD269670aA0D62878035cd98bf8198952E47f22a,3354,false
0xba75beA2477f9D6b10D610AD6Cc3D78E04E317C2,3354,false
0xb7D6b5dDe2C52622139D30eCdC05E5c9EF8eaE3b,3354,false
0xA56BA37C8d8bc8c22A659AB259B1388933dCc911,3354,false
0x9E549adB717985D2446d7cDDe3427f97b75cA3Ec,3354,false
0x6AD4e94fDF2EEcA52c2514E51BC6519EEF474c26,3354,false
0x68c33697ED210c4DD7a0b735F0e90598F4A1d07E,3354,false
0x3108834DC4C78d08dacbB14eefff54A5eE352B15,3354,false
0x2Fd2e03ad747B7CB6286F9a7aC57Fd0E7732F2Bd,3354,false
0x2eB5DAf9d9B21c8c685F399935c7B443D8DC12d7,3354,false
0x2e5dA25c0CB0218f0d3ec2134F92964dFf1bE0f0,3354,false
0x2aeA09699E4165C0e50F341923Cbe7732223042e,3354,false
0x11a228f76d9E7eeE6cC48A307324134FF2737c09,3354,false
0x04770f3E267908d85ddb303894C14f6CA6C8653b,3354,false
0x03AAe99ef4e5577985f4ced3262CaeAFAfA6B57c,3354,false
0xD4f06B23CD1f2e4EB0DA3D806206c4AaD6d2234D,3282,false
0x7a5a2973E70d77D406681E970920004F3D4C4243,3204,false
0x5E9b31FA592913C2aD2356ed843F66057c81455D,3163,false
0x7F5B2c355bFC0C6F3aE2D394534C29D3609FF542,3076,false
0x2916664De405Cca5912B8cA8B69C91F426C94aE4,2967,false
0xDe941c2409bB2F5FA7E297cBB72C4b39880072e0,2930,false
0x50BdeE072Ddd502870Ca45565C3A6478F799E2fD,2874,false
0x20B278B9A6715fce84F39Bb58382c956cB5c391D,2869,false
0x32ADc8cafe2D3245B16538be757088D901c50b32,2821,false
0x7E2b38b4A9A6fA5AEef8Af85eed990566c2492a9,2802,false
0x4d29a5fdB0787690bd1c68e0107753c3ad1cF67B,2711,false
0x31a05D38759949B379b95bCa5980eBC572Db8c79,2679,false
0x3D8250Ac679dcfd1E90c29E7a64AB5013645E579,2451,false
0x12845db333731A8c22578930579Ae6BE33A73199,2407,false
0xC398220de66c6d664b91148668fA754f8597cdaC,2366,false
0x7F2cE0B4991B5D345A3E8d1Fd75318C1DdBe8D6D,2366,false
0x5e7DbB835DEcD32bD1F265F3caA0444982D0Ec3E,2366,false
0x232f8c2FccBc03cDCB4ea9e157E4253A7A5a5212,2347,false
0x24C499C8e38FEfF24fBAF5f96AD03A34b06A89Ab,2202,false
0xD6f14caf5dB98820628e0acD3e3A7009b96C8861,2150,false
0x6CFc5a222e1D3c8eceBFFbF7a3783FbeD19e4875,2076,false
0x09Cc0Ee72e18651e45554c990739970fc1FFD05c,2021,false
0x63A3BB359Ec36656B0D1c242099483110CAAC839,1934,false
0x0A65C215CE8abC782A4B763FFfA10a41652Ac42C,1832,false
0x63596b95c73B8349e57517892043120B35d48979,1724,false
0xe20C54BaE4826173346A50E48B78C60FA141d333,1496,false
0x90e06d2d9705c181Bad2A4e7c3DcA13631a6f479,1457,false
0x97F4aa12F637BAe9c07cA492eE281534b4F3BB50,1443,false
0xC3ac5913efAcF7c07D1223E5aE47433a11AC68Cb,1397,false
0x9BaCAEC9626e537072882077386d41a0C01fEA25,1392,false
0x90361d5443Ae9b8162f58cd55483fAB13F6ADEa3,1386,false
0x5aaEFAd7e30E262aFf4588f1996c4F921c6fcECF,1327,false
0xA31E8272F5eBc398bD01368e1Bc91076068DFE2f,1235,false
0x93E012F5345bf20455334CaB85fdb5128552dF83,1204,false
0x2B464Aa1c30024794CEEA6689856e2C5E671754F,1168,false
0x86582e18C3bFe5204Dd142085462973C28F1daC9,1110,false
0x1f8231Ef50E99D361B5252A24EC2eC44285367e1,1080,false
0x01B37Edd07Ea71Eaf552b6ef1B8DcFBb328e1F39,1074,false
0x3af2694ca825227B743Fcf7586365D96ca8f67CF,967,false
0x36c307d47667CD2796aBD780dF23c9b14851c1eE,950,false
0xeC8251169dd17dD5769c0297Cf77Ec5BcC89763F,905,false
0x3fbd14399e0b56E4610918C4aeAB04Cbd6FC8607,901,false
0xe6d8Ee57384a50033e52a64C5d64AfD7bD1d820d,883,false
0x484db6cCf8020747C878662dB8D741437C7DD3b8,877,false
0x343006c1c709c2be343a4d3bdA187a2447861Fa3,761,false
0x463F36a7B277D40C9764956189C3C3c64FCAe46B,736,false
0x395Fc9a7B8B2371721aacEBA07cf7AE23F55BA14,709,false
0x72738a21C26AfAB827E5951fd2cD1d61D7fd43b7,673,false
0x5741bbE4cc1c973F7b002cC688f8969Dc6d27458,673,false
0x0B17556820dd408e07C6Cd319F4B69903CF4E614,673,false
0xfC7134012fCf8B3686bD5014Da528584Ef73E8fA,666,false
0xD8430211a7FE6086bC336A3fF9bdBD6Af5D2433F,647,false
0xd236b52e83a036191A262f9cb2F2B8D6504206E6,647,false
0x2D77F9a02008b744B3B53fd830641033c85D755A,637,false
0x5732fD69EdEda743aC78D2F3A1d1eA30fF67D82d,636,false
0x41EFfB8F5d8fd4e4826D19fd53Ae5c469AAf2894,625,false
0x89CF917A15b0979B70e8018dB87e70d4F20813E9,606,false
0x6A048782f0B359086DF093206aEC08800ed1Ed11,606,false
0xB4Be85887D68A3dFDd5e9826A5b7744379FD34E4,590,false
0x8F52F5EAFFA522ffEf4577687041188e34FE8081,588,false
0x7241C18533ACF5F786c5A0b5f9c2C370620c5c6f,578,false
0x4C7460DAE5E7319d2295177B0210B0373D77846f,578,false
0xEa6C5c3Eed4D42fA91848c9f182915DF4F628D21,545,false
0x671BB67D5b259EB286c0f34B197176c84530087D,521,false
0xEA9493c12b1edbAcD8Eb06Fc502Cc56354979AdA,512,false
0x0b9d68ae51bBE4D370BD0c917c5483342F37aF00,509,false
0x556bc857D6662339E2c313a74025B6349732961d,503,false
0x2747D3239265e8f4A6a954d5d736121A92E401C4,496,false
0xE900b87161b08752e66aA439155f3732ff58143c,493,false
0x5801B9db4995c5971530dd1eaabC3acCA86762Bc,493,false
0x49aC58198A6C9a1e6Dc1ecc945403089069da88C,457,false
0xfbd08fD2B2c7148b4e38624158C3155b5B49F886,449,false
0x44aA86B5716A8DdC28EdfE53E54A270b6AAebC5c,446,false
0x5f8B3EBf0079a7AdeFa17dB9E8A62871ef410D74,442,false
0x58EF6e9F01993866588D0b2B563ae28C67db8d4E,441,false
0xA4fCc2bF5Cd2c771351525eedB8344a43C7e1b06,396,false
0x1Ab89A48982065a149E023128cE95A3B60A294C4,387,false
0xaE6c279852bb7C05a34A31b4068703f140e3448D,371,false
0x5f046322941455d0D9F00B4AeEa59F9F20c45FAE,364,false
0x028ce1A3f7Ef8d80AC43dDa71544c95B3F295C37,343,false
0x015d10E1F365e0fa3d3FCA632007156943490962,325,false
0xdCDce3B40d3BeF73C079E1C65D712F6526D66206,320,false
0xeBc43254d085Dae876D061Fe1668236DFA2922dc,319,false
0xc91fc7DB1641521f94165fb7aDFF6562Ab5E4fDe,300,false
0x43b13f1beeB674CC5f53a05F617f2854Dc71bFEb,270,false
0xD9C6bcABA6860b6F86B05806F2c1adE60E6c8025,245,false
0xedf8168A3Ecf26c80f1E17D777210f8b92474480,240,false
0xf41cA16737D8AeC9C4d98a3f870Ea86768BFa3c5,214,false
0x26d82ECacE3eA30A8F61CEc406aD8b8df5c7DE2d,186,false
0x23F62fcfB261d3f8Dc7F2C1DA34206A27e18544F,183,false
0xACD2Ac03AD7E0c89103083Be640D911ed076D53e,162,false
0x53afdcfF35029B6DDCc8b742B452e4F99CecA167,156,false
0x740a18011f67F6128F7ae57717a43a693E87ea60,155,false
0x567BAC80e352017F0183aDa02C04c35A9805A7a6,153,false
0x6b020DC9a5371b8e5421BdfB8Aa0d6F52D0ABC4A,152,false
0x23802E21c6cd72C091792BfB9f7afC2265cc68d6,145,false
0xA853940A3ab810d422568eE5adb37c9a15eed3E0,126,false
0xF131dd9e4B573b2fF6D2CEDdC9a20399A18299EF,101,false
0xeEfA41FE64f28526123a92Afe87827B6F6F4c2A6,97,false
0xa8337b477b76AB4A2658b7AA247d1542eD150ee1,89,false
0x1547352f49cb52EA655f469F75e574BF1115F1d5,89,false
0xa3CD23F93f770D4765877c787Bf0e4506c648F0c,74,false
0x6c80079D082c1D38BF6D89B74b308b2593dB0e55,74,false
0x001A794b0973AA5384ae9B7140A767782c038af8,74,false
0xd92bd3c2e27A5286d82C63D7D4c483B8f5f3D322,69,false
0xF36EB9091898702598a8dfFC7F3FE1CD46bEBf93,68,false
0x7007B90a659B82B675B5771d37f5637358D079a9,67,false
0x46628F3a0AF08A29BF2332f9b65728E532DC9e53,67,false
0x176ea333F400b6C229e5c53180c78AE3316690b1,67,false
0x2a3d5a503Db8Ae738198eD16bC310C701F75ebDf,62,false
0xad80Ad148AFEd164A931EC2ac1703Dcbf94052F4,56,false
0x3F5a17Cf2832D67d0A900df9a19245F6119baAc5,33,false
0x7539472DAd6a371e6E152C5A203469aA32314130,32,false
0x3670886Cf7837F11CB4A6a296f7132eCAd1F34B0,29,false
0x8E5Dd554117dd930C8dE99ddA5F0B41D318cD312,28,false
0x20C28C5c550F1C349785f60617545b51cC30263E,27,false
0x7E0E4552d4eD7F4b8Ba95D98F858A0E356220c0B,17,false
0x3D6cc70dBb3B2B22dF9671eE89E43673b1308840,17,false
0x6a22ADE74b2e4205f4728c4385a4229397c94261,14,false
0x31F2642F10c2ff42edc6De849BEe3385fa88C7aF,14,false
0xC85032a2e77bE215A095Fc8b77C0E3e16Bb69BF9,12,false
0x10de1012F65C0B18753c374138f2354942ef9FAD,12,false
0xc39A08124b2B34ae5ea02F5A92cEB3DBeDc5Fe6E,11,false
0x0678d6ed1EE222FA9aa6cf4830De9171eAde9CD9,9,false
0x48120AB1D781634c4AeD8Df244aC9cd10aE244c9,7,false
0x04083817f95b731e787003Ad5dF9948279CEcAf0,7,false
0x8566879BF3c413c60de555072467723D6f79BB85,6,false
0x670D6bCCd65B90a4Ac595517C4f58c7A86d3AeF9,4,false
0x1e7eC322ADb6f7DE3B371B9b7AA118936F0bb641,4,false
0xF25d523B15356911523a61394158472162bF9Da1,3,false
0xE6FA8aA31DE25e35Ed488aC35dBccB5479B319F4,3,false
0xDc1540a9C1e113F2aB1270F9bBF1337670B28F8c,3,false
0xB90e5455Bbb7E0a4e6c82E2CDfDe0f241aAc491C,3,false
0xAB060E12d6Ee092332A3A947A5714C063A206441,3,false
0x9f4BF1fAFD578Ae36a96c1e44ED8Ec9dAfcf4593,3,false
0x97088B1BB96D20aa68d7D58a4f3dc905476cE03e,3,false
0x7dC3E945238fdB44936eEbe654422A83bdf5D9fF,3,false
0x70C1F2a1bdE6f51e7117F2080284cF88445b595a,3,false
0x6e22706d6E86C38f4BAD40415b1b4c76f5B821B0,3,false
0x672C3b982325bE86E221fe5d0Eb5391ffA9CC8fC,3,false
0x582c63D478936c92aB9B440DB8c04AE0f1153F89,3,false
0x530AeF31073a40EFF1251F8d5154f2444a29Fe3E,3,false
0x51e8EE96980c4c13aB225c992e9B8bD69B5c36Cc,3,false
0x4e1062CC667020Ea4e0a7aF355E6a049A7dC6D09,3,false
0x4D4AC65513fEe380c596ac9EdfaC588782831bdf,3,false
0x285C97D3004dD01367d4851B0E2bCA073B335BfF,3,false
0x006e19101CAC0FA8740d6E39768e83b957c5C06C,3,false
0xe7a16a9B43db569F0Fb7aF7dAC135318188e850D,2,false
0xC76c3Bf0D5428a81f625950D00af94e57D21b8c4,2,false
0xB98eeaAF30cf6F2e5532023d00A7DFaa35c69862,2,false
0x96213b860A4ddA79c6fD97d52fb01d3aa5e32Ba2,2,false
0x8F9aAC70c8f8cFdbf10FD2aA58929a4b92d38b47,2,false
0x0f57B55a46BCEb05F46bEd3d04A0a764f320794B,1,false